transaction_id,timestamp,sender_vpa,amount_inr,location,app_used,is_fraud_flag
TXN17640966439503,2025-11-26T00:20:43.950397,anita886@paytm,1630,Hyderabad,GooglePay,0
TXN17640966439504,2025-11-26T00:20:43.950420,meera210@paytm,2138,Delhi,PhonePay,0
TXN17640966439504,2025-11-26T00:20:43.950428,vikram879@paytm,3245,Hyderabad,GooglePay,0
TXN17640966439504,2025-11-26T00:20:43.950434,amit853@oksbi,3358,Delhi,PhonePay,0
TXN17640966439504,2025-11-26T00:20:43.950438,mehul850@axl,2111,Hyderabad,PhonePay,0
TXN17640966439504,2025-11-26T00:20:43.950442,swapnil37@oksbi,658,Kolkata,Cred,0
TXN17640966439504,2025-11-26T00:20:43.950446,rahul201@oksbi,2506,Kolkata,GooglePay,0
TXN17640966439504,2025-11-26T00:20:43.950450,swapnil517@okhdfc,522,Bangalore,Cred,0
TXN17640966439504,2025-11-26T00:20:43.950454,rahul95@paytm,366,Mumbai,PayTm,0
TXN17640966439504,2025-11-26T00:20:43.950458,anita132@oksbi,1230,Pune,PhonePay,0
TXN17640966439504,2025-11-26T00:20:43.950463,mehul79@paytm,1716,Mumbai,GooglePay,0
TXN17640966439504,2025-11-26T00:20:43.950466,rajesh755@ybl,259,Delhi,PayTm,0
TXN17640966439504,2025-11-26T00:20:43.950471,rajesh968@oksbi,233,Bangalore,Cred,0
TXN17640966439504,2025-11-26T00:20:43.950475,rahul308@axl,4858,Pune,PhonePay,0
TXN17640966439504,2025-11-26T00:20:43.950479,meera506@paytm,2362,Mumbai,PhonePay,0
TXN17640966439504,2025-11-26T00:20:43.950483,tommy273@oksbi,2061,Delhi,Cred,0
TXN17640966439504,2025-11-26T00:20:43.950487,swapnil118@paytm,3464,Bangalore,PhonePay,0
TXN17640966439504,2025-11-26T00:20:43.950491,mehul310@axl,2041,Mumbai,PayTm,0
TXN17640966439504,2025-11-26T00:20:43.950495,vikram776@ybl,3234,Delhi,PhonePay,0
TXN17640966439504,2025-11-26T00:20:43.950498,swapnil725@axl,3085,Kolkata,PhonePay,0
TXN17640966439505,2025-11-26T00:20:43.950502,rohit182@oksbi,1632,Delhi,GooglePay,0
TXN17640966439505,2025-11-26T00:20:43.950511,swapnil199@ybl,2066,Hyderabad,Cred,0
TXN17640966439505,2025-11-26T00:20:43.950515,mehul689@oksbi,332,Hyderabad,PayTm,0
TXN17640966439505,2025-11-26T00:20:43.950519,rohit993@ybl,179,Hyderabad,PhonePay,0
TXN17640966439505,2025-11-26T00:20:43.950523,meera104@ybl,287,Chennai,Cred,0
TXN17640966439505,2025-11-26T00:20:43.950527,rajesh110@paytm,1497,Hyderabad,PayTm,0
TXN17640966439505,2025-11-26T00:20:43.950532,rajesh973@okhdfc,2695,Pune,PhonePay,0
TXN17640966439505,2025-11-26T00:20:43.950543,rajesh546@oksbi,2840,Pune,Cred,0
TXN17640966439505,2025-11-26T00:20:43.950547,rahul168@oksbi,749,Kolkata,PayTm,0
TXN17640966439505,2025-11-26T00:20:43.950551,meera562@okhdfc,4557,Pune,PhonePay,0
TXN17640966439505,2025-11-26T00:20:43.950555,rohit503@oksbi,823,Bangalore,PayTm,0
TXN17640966439505,2025-11-26T00:20:43.950559,rajesh630@oksbi,2672,Mumbai,PhonePay,0
TXN17640966439505,2025-11-26T00:20:43.950564,mehul655@okhdfc,2696,Pune,PayTm,0
TXN17640966439505,2025-11-26T00:20:43.950568,sneha782@oksbi,828,Kolkata,PhonePay,0
TXN17640966439505,2025-11-26T00:20:43.950572,anita506@oksbi,1785,Kolkata,GooglePay,0
TXN17640966439505,2025-11-26T00:20:43.950576,sneha35@axl,1676,Mumbai,Cred,0
TXN17640966439505,2025-11-26T00:20:43.950580,amit946@okhdfc,3186,Delhi,GooglePay,0
TXN17640966439505,2025-11-26T00:20:43.950584,swapnil396@oksbi,465,Mumbai,GooglePay,0
TXN17640966439505,2025-11-26T00:20:43.950588,swapnil228@okhdfc,743,Chennai,PhonePay,0
TXN17640966439505,2025-11-26T00:20:43.950591,swapnil54@okhdfc,1438,Pune,PayTm,0
TXN17640966439505,2025-11-26T00:20:43.950595,rajesh263@paytm,4229,Mumbai,PayTm,0
TXN17640966439505,2025-11-26T00:20:43.950599,tommy891@oksbi,2049,Hyderabad,PhonePay,0
TXN17640966439506,2025-11-26T00:20:43.950604,rohit804@axl,738,Chennai,PhonePay,0
TXN17640966439506,2025-11-26T00:20:43.950608,meera280@okhdfc,2059,Pune,PhonePay,0
TXN17640966439507,2025-11-26T00:20:43.950778,rajesh331@axl,640,Bangalore,PayTm,0
TXN17640966439507,2025-11-26T00:20:43.950782,rohit299@axl,4166,Kolkata,PayTm,0
TXN17640966439507,2025-11-26T00:20:43.950786,sneha760@ybl,2589,Mumbai,GooglePay,0
TXN17640966439507,2025-11-26T00:20:43.950790,swapnil113@ybl,1657,Delhi,PhonePay,0
TXN17640966439507,2025-11-26T00:20:43.950794,mehul731@paytm,2570,Chennai,Cred,0
TXN17640966439507,2025-11-26T00:20:43.950799,anita5@paytm,568,Hyderabad,PhonePay,0
TXN17640966439508,2025-11-26T00:20:43.950803,rohit532@ybl,2733,Bangalore,PhonePay,0
TXN17640966439508,2025-11-26T00:20:43.950807,swapnil836@paytm,2443,Chennai,Cred,0
TXN17640966439508,2025-11-26T00:20:43.950812,tommy840@okhdfc,3169,Pune,PayTm,0
TXN17640966439508,2025-11-26T00:20:43.950816,rajesh824@oksbi,1491,Bangalore,PayTm,0
TXN17640966439508,2025-11-26T00:20:43.950820,amit391@axl,4987,Delhi,PhonePay,0
TXN17640966439508,2025-11-26T00:20:43.950824,mehul658@axl,2744,Pune,PayTm,0
TXN17640966439508,2025-11-26T00:20:43.950829,anita76@axl,14441,Delhi,Cred,1
TXN17640966439508,2025-11-26T00:20:43.950833,amit598@ybl,4625,Mumbai,GooglePay,0
TXN17640966439508,2025-11-26T00:20:43.950837,meera574@axl,1286,Mumbai,GooglePay,0
TXN17640966439508,2025-11-26T00:20:43.950840,rahul17@axl,566,Bangalore,GooglePay,0
TXN17640966439508,2025-11-26T00:20:43.950844,mehul74@axl,1243,Hyderabad,PhonePay,0
TXN17640966439508,2025-11-26T00:20:43.950847,tommy753@axl,3747,Kolkata,PhonePay,0
TXN17640966439508,2025-11-26T00:20:43.950848,mehul596@axl,4515,Mumbai,Cred,0
TXN17640966439508,2025-11-26T00:20:43.950851,rajesh317@paytm,3197,Pune,PayTm,0
TXN17640966439508,2025-11-26T00:20:43.950853,amit166@oksbi,3686,Kolkata,GooglePay,0
TXN17640966439508,2025-11-26T00:20:43.950856,vikram99@oksbi,2254,Pune,PhonePay,0
TXN17640966439508,2025-11-26T00:20:43.950857,amit567@axl,3505,Bangalore,PayTm,0
TXN17640966439508,2025-11-26T00:20:43.950860,rohit22@ybl,15246,Bharatpur,Cred,1
TXN17640966439508,2025-11-26T00:20:43.950862,mehul399@okhdfc,4793,Bangalore,PhonePay,0
TXN17640966439508,2025-11-26T00:20:43.950864,rohit112@ybl,3980,Pune,Cred,0
TXN17640966439508,2025-11-26T00:20:43.950866,tommy469@paytm,4538,Mumbai,GooglePay,0
TXN17640966439508,2025-11-26T00:20:43.950869,swapnil522@okhdfc,865,Bangalore,PhonePay,0
TXN17640966439508,2025-11-26T00:20:43.950872,anita240@okhdfc,4313,Kolkata,Cred,0
TXN17640966439508,2025-11-26T00:20:43.950874,anita932@paytm,76251,Mewat,GooglePay,1
TXN17640966439508,2025-11-26T00:20:43.950876,anita455@paytm,2107,Pune,PhonePay,0
TXN17640966439508,2025-11-26T00:20:43.950878,swapnil767@ybl,2192,Bangalore,PhonePay,0
TXN17640966439508,2025-11-26T00:20:43.950880,rajesh449@ybl,1191,Mumbai,Cred,0
TXN17640966439508,2025-11-26T00:20:43.950883,rahul783@okhdfc,3545,Delhi,PhonePay,0
TXN17640966439508,2025-11-26T00:20:43.950885,mehul981@ybl,1432,Pune,Cred,0
TXN17640966439508,2025-11-26T00:20:43.950887,meera414@axl,1449,Hyderabad,GooglePay,0
TXN17640966439508,2025-11-26T00:20:43.950889,sneha977@oksbi,2530,Delhi,PayTm,0
TXN17640966439508,2025-11-26T00:20:43.950891,tommy951@okhdfc,4932,Kolkata,GooglePay,0
TXN17640966439508,2025-11-26T00:20:43.950893,vikram202@axl,2086,Delhi,PhonePay,0
TXN17640966439508,2025-11-26T00:20:43.950895,vikram745@axl,2201,Hyderabad,PhonePay,0
TXN17640966439508,2025-11-26T00:20:43.950898,mehul385@oksbi,46,Pune,GooglePay,0
TXN17640966439508,2025-11-26T00:20:43.950900,meera763@okhdfc,851,Mumbai,GooglePay,0
TXN17640966439509,2025-11-26T00:20:43.950902,vikram800@axl,824,Mumbai,Cred,0
TXN17640966439509,2025-11-26T00:20:43.950903,mehul374@oksbi,537,Delhi,PhonePay,0
TXN17640966439509,2025-11-26T00:20:43.950905,vikram679@paytm,723,Hyderabad,PayTm,0
TXN17640966439509,2025-11-26T00:20:43.950907,mehul442@paytm,2583,Hyderabad,Cred,0
TXN17640966439509,2025-11-26T00:20:43.950909,meera946@okhdfc,2047,Chennai,GooglePay,0
TXN17640966439509,2025-11-26T00:20:43.950912,amit592@ybl,1378,Pune,PayTm,0
TXN17640966439509,2025-11-26T00:20:43.950914,swapnil2@okhdfc,909,Hyderabad,Cred,0
TXN17640966439509,2025-11-26T00:20:43.950916,swapnil153@axl,4784,Delhi,GooglePay,0
TXN17640966439509,2025-11-26T00:20:43.950918,anita489@ybl,3711,Chennai,PayTm,0
TXN17640966439509,2025-11-26T00:20:43.950920,amit990@ybl,199,Delhi,GooglePay,0
TXN17640966439509,2025-11-26T00:20:43.950922,rahul717@okhdfc,2221,Delhi,GooglePay,0
TXN17640966439509,2025-11-26T00:20:43.950925,mehul931@axl,4432,Bangalore,PayTm,0
TXN17640966439509,2025-11-26T00:20:43.950927,rohit895@oksbi,4008,Pune,PayTm,0
TXN17640966439509,2025-11-26T00:20:43.950929,mehul697@ybl,3429,Chennai,PhonePay,0
TXN17640966439509,2025-11-26T00:20:43.950931,mehul989@okhdfc,4245,Kolkata,PhonePay,0
TXN17640966439509,2025-11-26T00:20:43.950933,vikram650@paytm,965,Delhi,PayTm,0
TXN17640966439509,2025-11-26T00:20:43.950935,sneha89@okhdfc,2332,Pune,GooglePay,0
TXN17640966439509,2025-11-26T00:20:43.950936,anita541@okhdfc,3200,Kolkata,GooglePay,0
TXN17640966439509,2025-11-26T00:20:43.950938,amit213@ybl,508,Bangalore,GooglePay,0
TXN17640966439509,2025-11-26T00:20:43.950941,mehul552@ybl,4824,Bangalore,PayTm,0
TXN17640966439509,2025-11-26T00:20:43.950943,swapnil158@paytm,2604,Chennai,PhonePay,0
TXN17640966439509,2025-11-26T00:20:43.950945,meera324@axl,2889,Bangalore,PayTm,0
TXN17640966439509,2025-11-26T00:20:43.950947,rohit296@oksbi,2292,Bangalore,GooglePay,0
TXN17640966439509,2025-11-26T00:20:43.950949,tommy198@ybl,2516,Delhi,PayTm,0
TXN17640966439509,2025-11-26T00:20:43.950952,anita297@oksbi,3628,Chennai,PhonePay,0
TXN17640966439509,2025-11-26T00:20:43.950954,rajesh834@axl,4459,Delhi,Cred,0
TXN17640966439509,2025-11-26T00:20:43.950956,tommy895@axl,3219,Chennai,Cred,0
TXN17640966439509,2025-11-26T00:20:43.950958,tommy137@paytm,2923,Mumbai,GooglePay,0
TXN17640966439509,2025-11-26T00:20:43.950960,meera207@okhdfc,1191,Bangalore,Cred,0
TXN17640966439509,2025-11-26T00:20:43.950962,rajesh212@axl,3026,Chennai,GooglePay,0
TXN17640966439509,2025-11-26T00:20:43.950964,amit129@axl,2402,Pune,Cred,0
TXN17640966439509,2025-11-26T00:20:43.950965,sneha868@paytm,2441,Chennai,GooglePay,0
TXN17640966439509,2025-11-26T00:20:43.950967,meera284@paytm,162,Bangalore,PayTm,0
TXN17640966439509,2025-11-26T00:20:43.950969,rahul980@paytm,2849,Kolkata,GooglePay,0
TXN17640966439509,2025-11-26T00:20:43.950971,meera620@okhdfc,3971,Delhi,PayTm,0
TXN17640966439509,2025-11-26T00:20:43.950973,amit879@axl,632,Bangalore,GooglePay,0
TXN17640966439509,2025-11-26T00:20:43.950975,swapnil489@okhdfc,2604,Pune,GooglePay,0
TXN17640966439509,2025-11-26T00:20:43.950977,rajesh694@ybl,3295,Mumbai,GooglePay,0
TXN17640966439509,2025-11-26T00:20:43.950979,swapnil68@oksbi,37,Pune,GooglePay,0
TXN17640966439509,2025-11-26T00:20:43.950981,vikram91@oksbi,207,Bangalore,PayTm,0
TXN17640966439509,2025-11-26T00:20:43.950983,rahul439@paytm,843,Pune,PayTm,0
TXN17640966439509,2025-11-26T00:20:43.950985,sneha851@okhdfc,4826,Kolkata,PhonePay,0
TXN17640966439509,2025-11-26T00:20:43.950988,amit183@okhdfc,70,Delhi,Cred,0
TXN17640966439509,2025-11-26T00:20:43.950990,vikram565@oksbi,4292,Kolkata,Cred,0
TXN17640966439509,2025-11-26T00:20:43.950993,rohit652@oksbi,56752,Bharatpur,PhonePay,1
TXN17640966439509,2025-11-26T00:20:43.950995,rohit68@oksbi,4541,Bangalore,GooglePay,0
TXN17640966439509,2025-11-26T00:20:43.950997,vikram530@axl,3643,Chennai,Cred,0
TXN17640966439509,2025-11-26T00:20:43.950999,rohit726@paytm,4183,Kolkata,Cred,0
TXN17640966439510,2025-11-26T00:20:43.951001,meera617@paytm,3789,Mumbai,Cred,0
TXN17640966439510,2025-11-26T00:20:43.951002,vikram617@paytm,4252,Kolkata,PayTm,0
TXN17640966439510,2025-11-26T00:20:43.951004,vikram274@okhdfc,4586,Delhi,PhonePay,0
TXN17640966439510,2025-11-26T00:20:43.951006,amit487@okhdfc,4069,Delhi,PayTm,0
TXN17640966439510,2025-11-26T00:20:43.951008,rohit751@paytm,4202,Delhi,Cred,0
TXN17640966439510,2025-11-26T00:20:43.951010,swapnil525@axl,1213,Kolkata,GooglePay,0
TXN17640966439510,2025-11-26T00:20:43.951012,anita780@axl,3590,Mumbai,GooglePay,0
TXN17640966439510,2025-11-26T00:20:43.951014,swapnil905@ybl,4935,Pune,PayTm,0
TXN17640966439510,2025-11-26T00:20:43.951016,anita244@okhdfc,4769,Hyderabad,GooglePay,0
TXN17640966439510,2025-11-26T00:20:43.951018,vikram673@okhdfc,3935,Mumbai,PayTm,0
TXN17640966439510,2025-11-26T00:20:43.951020,sneha636@paytm,1498,Delhi,PayTm,0
TXN17640966439510,2025-11-26T00:20:43.951022,tommy988@oksbi,950,Kolkata,Cred,0
TXN17640966439510,2025-11-26T00:20:43.951023,rajesh688@ybl,4543,Pune,PhonePay,0
TXN17640966439510,2025-11-26T00:20:43.951026,rahul271@paytm,1437,Delhi,PhonePay,0
TXN17640966439510,2025-11-26T00:20:43.951028,rajesh164@okhdfc,554,Bangalore,Cred,0
TXN17640966439510,2025-11-26T00:20:43.951031,anita908@oksbi,1491,Hyderabad,Cred,0
TXN17640966439510,2025-11-26T00:20:43.951033,rajesh919@paytm,4544,Hyderabad,GooglePay,0
TXN17640966439510,2025-11-26T00:20:43.951035,swapnil149@ybl,4697,Hyderabad,PayTm,0
TXN17640966439510,2025-11-26T00:20:43.951037,tommy212@axl,1047,Pune,PhonePay,0
TXN17640966439510,2025-11-26T00:20:43.951038,anita222@okhdfc,1342,Pune,GooglePay,0
TXN17640966439510,2025-11-26T00:20:43.951041,tommy773@ybl,3180,Hyderabad,PhonePay,0
TXN17640966439510,2025-11-26T00:20:43.951042,sneha239@ybl,18460,Jamtara,GooglePay,1
TXN17640966439510,2025-11-26T00:20:43.951044,rajesh172@ybl,730,Chennai,PhonePay,0
TXN17640966439510,2025-11-26T00:20:43.951046,mehul278@paytm,1485,Pune,PayTm,0
TXN17640966439510,2025-11-26T00:20:43.951048,vikram706@okhdfc,625,Mumbai,GooglePay,0
TXN17640966439510,2025-11-26T00:20:43.951050,vikram663@oksbi,659,Pune,PhonePay,0
TXN17640966439510,2025-11-26T00:20:43.951052,swapnil581@oksbi,2392,Hyderabad,PhonePay,0
TXN17640966439510,2025-11-26T00:20:43.951054,amit728@ybl,3113,Kolkata,GooglePay,0
TXN17640966439510,2025-11-26T00:20:43.951056,amit648@oksbi,2394,Mumbai,PhonePay,0
TXN17640966439510,2025-11-26T00:20:43.951058,sneha359@okhdfc,809,Pune,PayTm,0
TXN17640966439510,2025-11-26T00:20:43.951060,rahul745@axl,3816,Hyderabad,Cred,0
TXN17640966439510,2025-11-26T00:20:43.951062,tommy895@okhdfc,1974,Delhi,GooglePay,0
TXN17640966439510,2025-11-26T00:20:43.951063,swapnil897@oksbi,128,Pune,PhonePay,0
TXN17640966439510,2025-11-26T00:20:43.951065,rajesh855@okhdfc,2335,Mumbai,GooglePay,0
TXN17640966439510,2025-11-26T00:20:43.951067,rahul154@ybl,1157,Mumbai,Cred,0
TXN17640966439510,2025-11-26T00:20:43.951070,mehul130@axl,3702,Chennai,PayTm,0
TXN17640966439510,2025-11-26T00:20:43.951072,rohit870@axl,4114,Kolkata,PhonePay,0
TXN17640966439510,2025-11-26T00:20:43.951074,rajesh245@oksbi,3661,Hyderabad,PayTm,0
TXN17640966439510,2025-11-26T00:20:43.951076,vikram453@ybl,2237,Kolkata,PayTm,0
TXN17640966439510,2025-11-26T00:20:43.951079,anita966@oksbi,4410,Kolkata,Cred,0
TXN17640966439510,2025-11-26T00:20:43.951080,meera816@okhdfc,1398,Bangalore,PhonePay,0
TXN17640966439510,2025-11-26T00:20:43.951082,anita245@paytm,1142,Delhi,PhonePay,0
TXN17640966439510,2025-11-26T00:20:43.951084,mehul400@oksbi,3766,Kolkata,GooglePay,0
TXN17640966439510,2025-11-26T00:20:43.951086,rajesh905@paytm,1731,Bangalore,PhonePay,0
TXN17640966439510,2025-11-26T00:20:43.951088,meera755@oksbi,4398,Mumbai,PhonePay,0
TXN17640966439510,2025-11-26T00:20:43.951091,sneha607@paytm,4690,Delhi,GooglePay,0
TXN17640966439510,2025-11-26T00:20:43.951093,tommy2@ybl,353,Bangalore,PhonePay,0
TXN17640966439510,2025-11-26T00:20:43.951095,rohit140@okhdfc,1916,Mumbai,GooglePay,0
TXN17640966439510,2025-11-26T00:20:43.951097,meera103@ybl,2067,Hyderabad,Cred,0
TXN17640966439510,2025-11-26T00:20:43.951099,vikram894@oksbi,13755,Chennai,Cred,1
TXN17640966439511,2025-11-26T00:20:43.951100,swapnil287@ybl,2050,Delhi,PhonePay,0
TXN17640966439511,2025-11-26T00:20:43.951102,rohit972@paytm,1190,Mumbai,PhonePay,0
TXN17640966439511,2025-11-26T00:20:43.951105,rajesh984@oksbi,823,Delhi,PayTm,0
TXN17640966439511,2025-11-26T00:20:43.951107,sneha7@axl,3845,Bangalore,Cred,0
TXN17640966439511,2025-11-26T00:20:43.951109,vikram255@ybl,299,Kolkata,PhonePay,0
TXN17640966439511,2025-11-26T00:20:43.951111,rajesh930@ybl,4979,Delhi,GooglePay,0
TXN17640966439511,2025-11-26T00:20:43.951113,vikram908@axl,441,Kolkata,Cred,0
TXN17640966439511,2025-11-26T00:20:43.951116,meera3@oksbi,458,Delhi,Cred,0
TXN17640966439511,2025-11-26T00:20:43.951118,meera49@oksbi,2505,Hyderabad,PayTm,0
TXN17640966439511,2025-11-26T00:20:43.951120,rohit934@oksbi,531,Bangalore,PhonePay,0
TXN17640966439511,2025-11-26T00:20:43.951122,amit454@paytm,855,Delhi,Cred,0
TXN17640966439511,2025-11-26T00:20:43.951124,tommy446@paytm,325,Kolkata,PhonePay,0
TXN17640966439511,2025-11-26T00:20:43.951126,mehul965@axl,1637,Mumbai,PhonePay,0
TXN17640966439511,2025-11-26T00:20:43.951128,vikram755@axl,30047,Mewat,Cred,1
TXN17640966439511,2025-11-26T00:20:43.951130,meera150@paytm,717,Chennai,PayTm,0
TXN17640966439511,2025-11-26T00:20:43.951132,rahul96@ybl,4604,Pune,Cred,0
TXN17640966439511,2025-11-26T00:20:43.951134,rajesh322@axl,4820,Chennai,PayTm,0
TXN17640966439511,2025-11-26T00:20:43.951136,vikram961@axl,4523,Delhi,PhonePay,0
TXN17640966439511,2025-11-26T00:20:43.951138,rohit943@paytm,43,Hyderabad,PhonePay,0
TXN17640966439511,2025-11-26T00:20:43.951140,sneha962@axl,4002,Mumbai,PhonePay,0
TXN17640966439511,2025-11-26T00:20:43.951142,rajesh88@oksbi,4200,Bangalore,GooglePay,0
TXN17640966439511,2025-11-26T00:20:43.951144,meera471@okhdfc,3972,Mumbai,GooglePay,0
TXN17640966439511,2025-11-26T00:20:43.951146,vikram908@ybl,94898,Jamtara,PayTm,1
TXN17640966439511,2025-11-26T00:20:43.951147,meera704@ybl,2871,Pune,PhonePay,0
TXN17640966439511,2025-11-26T00:20:43.951150,meera593@paytm,4912,Hyderabad,Cred,0
TXN17640966439511,2025-11-26T00:20:43.951153,meera635@paytm,2526,Mumbai,Cred,0
TXN17640966439511,2025-11-26T00:20:43.951155,rahul291@ybl,94,Chennai,PayTm,0
TXN17640966439511,2025-11-26T00:20:43.951157,rahul975@ybl,3991,Kolkata,Cred,0
TXN17640966439511,2025-11-26T00:20:43.951160,rohit715@axl,4495,Hyderabad,PhonePay,0
TXN17640966439511,2025-11-26T00:20:43.951162,meera776@oksbi,2541,Chennai,PhonePay,0
TXN17640966439511,2025-11-26T00:20:43.951164,amit859@okhdfc,4187,Kolkata,Cred,0
TXN17640966439511,2025-11-26T00:20:43.951166,anita775@paytm,2964,Kolkata,PayTm,0
TXN17640966439511,2025-11-26T00:20:43.951168,anita633@ybl,155,Pune,Cred,0
TXN17640966439511,2025-11-26T00:20:43.951170,meera970@okhdfc,3345,Kolkata,GooglePay,0
TXN17640966439511,2025-11-26T00:20:43.951172,vikram548@okhdfc,2433,Kolkata,Cred,0
TXN17640966439511,2025-11-26T00:20:43.951173,rahul513@axl,2213,Kolkata,PayTm,0
TXN17640966439511,2025-11-26T00:20:43.951175,meera311@axl,4323,Chennai,PhonePay,0
TXN17640966439511,2025-11-26T00:20:43.951177,rahul487@paytm,779,Kolkata,PayTm,0
TXN17640966439511,2025-11-26T00:20:43.951179,rajesh742@ybl,1310,Mumbai,PayTm,0
TXN17640966439511,2025-11-26T00:20:43.951181,tommy663@okhdfc,1048,Bangalore,PhonePay,0
TXN17640966439511,2025-11-26T00:20:43.951183,anita751@axl,805,Bangalore,PhonePay,0
TXN17640966439511,2025-11-26T00:20:43.951185,sneha927@oksbi,82,Delhi,PayTm,0
TXN17640966439511,2025-11-26T00:20:43.951187,sneha710@oksbi,3353,Kolkata,GooglePay,0
TXN17640966439511,2025-11-26T00:20:43.951189,amit932@axl,3368,Pune,PayTm,0
TXN17640966439511,2025-11-26T00:20:43.951191,rahul351@okhdfc,4490,Mumbai,GooglePay,0
TXN17640966439511,2025-11-26T00:20:43.951193,vikram966@okhdfc,2481,Hyderabad,Cred,0
TXN17640966439511,2025-11-26T00:20:43.951195,swapnil81@okhdfc,80234,Bangalore,GooglePay,1
TXN17640966439511,2025-11-26T00:20:43.951197,vikram449@ybl,4384,Chennai,GooglePay,0
TXN17640966439511,2025-11-26T00:20:43.951199,rahul812@okhdfc,1675,Hyderabad,PayTm,0
TXN17640966439512,2025-11-26T00:20:43.951202,swapnil966@oksbi,1084,Delhi,Cred,0
TXN17640966439512,2025-11-26T00:20:43.951204,tommy569@ybl,1587,Chennai,Cred,0
TXN17640966439512,2025-11-26T00:20:43.951206,mehul169@okhdfc,64360,Pune,Cred,1
TXN17640966439512,2025-11-26T00:20:43.951208,sneha200@paytm,2181,Delhi,PhonePay,0
TXN17640966439512,2025-11-26T00:20:43.951210,swapnil255@paytm,948,Kolkata,PhonePay,0
TXN17640966439512,2025-11-26T00:20:43.951212,sneha718@paytm,1827,Mumbai,Cred,0
TXN17640966439512,2025-11-26T00:20:43.951214,rohit626@axl,2016,Delhi,PayTm,0
TXN17640966439512,2025-11-26T00:20:43.951215,rajesh907@paytm,2659,Bangalore,GooglePay,0
TXN17640966439512,2025-11-26T00:20:43.951218,anita850@oksbi,543,Delhi,PhonePay,0
TXN17640966439512,2025-11-26T00:20:43.951220,amit579@ybl,87,Bangalore,PhonePay,0
TXN17640966439512,2025-11-26T00:20:43.951222,sneha390@axl,2165,Bangalore,PhonePay,0
TXN17640966439512,2025-11-26T00:20:43.951223,tommy130@ybl,513,Mumbai,GooglePay,0
TXN17640966439512,2025-11-26T00:20:43.951225,anita772@ybl,4108,Bangalore,PayTm,0
TXN17640966439512,2025-11-26T00:20:43.951227,rajesh807@okhdfc,2014,Mumbai,PhonePay,0
TXN17640966439512,2025-11-26T00:20:43.951230,tommy772@okhdfc,2396,Kolkata,GooglePay,0
TXN17640966439512,2025-11-26T00:20:43.951232,meera232@ybl,725,Kolkata,Cred,0
TXN17640966439512,2025-11-26T00:20:43.951234,rohit395@axl,2178,Delhi,PayTm,0
TXN17640966439512,2025-11-26T00:20:43.951236,rahul639@ybl,249,Hyderabad,PhonePay,0
TXN17640966439512,2025-11-26T00:20:43.951237,rajesh179@ybl,3893,Hyderabad,Cred,0
TXN17640966439512,2025-11-26T00:20:43.951239,amit316@ybl,912,Chennai,GooglePay,0
TXN17640966439512,2025-11-26T00:20:43.951241,sneha996@ybl,4434,Bangalore,GooglePay,0
TXN17640966439512,2025-11-26T00:20:43.951244,meera154@paytm,4514,Bangalore,GooglePay,0
TXN17640966439512,2025-11-26T00:20:43.951246,vikram985@okhdfc,992,Bangalore,GooglePay,0
TXN17640966439512,2025-11-26T00:20:43.951248,vikram622@okhdfc,1190,Bangalore,PayTm,0
TXN17640966439512,2025-11-26T00:20:43.951250,rajesh206@paytm,17,Delhi,GooglePay,0
TXN17640966439512,2025-11-26T00:20:43.951252,rohit733@okhdfc,3553,Mumbai,PayTm,0
TXN17640966439512,2025-11-26T00:20:43.951254,meera777@ybl,2096,Hyderabad,PhonePay,0
TXN17640966439512,2025-11-26T00:20:43.951256,tommy889@paytm,1633,Kolkata,PayTm,0
TXN17640966439512,2025-11-26T00:20:43.951257,mehul820@oksbi,4087,Bangalore,Cred,0
TXN17640966439512,2025-11-26T00:20:43.951259,tommy44@oksbi,3257,Kolkata,GooglePay,0
TXN17640966439512,2025-11-26T00:20:43.951261,rohit323@paytm,562,Kolkata,PhonePay,0
TXN17640966439512,2025-11-26T00:20:43.951263,vikram577@ybl,3588,Chennai,PhonePay,0
TXN17640966439512,2025-11-26T00:20:43.951265,anita688@oksbi,1047,Bangalore,GooglePay,0
TXN17640966439512,2025-11-26T00:20:43.951268,anita999@paytm,4000,Delhi,PhonePay,0
TXN17640966439512,2025-11-26T00:20:43.951270,swapnil420@paytm,3163,Mumbai,Cred,0
TXN17640966439512,2025-11-26T00:20:43.951272,mehul474@okhdfc,1803,Pune,PhonePay,0
TXN17640966439512,2025-11-26T00:20:43.951274,rajesh380@paytm,3912,Chennai,GooglePay,0
TXN17640966439512,2025-11-26T00:20:43.951276,anita861@axl,1247,Delhi,PayTm,0
TXN17640966439512,2025-11-26T00:20:43.951278,tommy750@paytm,4962,Hyderabad,GooglePay,0
TXN17640966439512,2025-11-26T00:20:43.951279,anita82@axl,2302,Bangalore,GooglePay,0
TXN17640966439512,2025-11-26T00:20:43.951281,tommy786@oksbi,3227,Kolkata,Cred,0
TXN17640966439512,2025-11-26T00:20:43.951283,amit601@okhdfc,2973,Mumbai,PhonePay,0
TXN17640966439512,2025-11-26T00:20:43.951285,rahul320@axl,1152,Hyderabad,GooglePay,0
TXN17640966439512,2025-11-26T00:20:43.951288,rahul258@axl,4957,Kolkata,PayTm,0
TXN17640966439512,2025-11-26T00:20:43.951290,rohit948@okhdfc,85414,Mewat,GooglePay,1
TXN17640966439512,2025-11-26T00:20:43.951292,vikram600@axl,3253,Kolkata,PayTm,0
TXN17640966439512,2025-11-26T00:20:43.951294,swapnil747@axl,613,Mumbai,GooglePay,0
TXN17640966439512,2025-11-26T00:20:43.951296,meera296@ybl,604,Delhi,PhonePay,0
TXN17640966439512,2025-11-26T00:20:43.951299,rahul967@oksbi,117,Bangalore,PayTm,0
TXN17640966439513,2025-11-26T00:20:43.951300,mehul71@okhdfc,2727,Delhi,Cred,0
TXN17640966439513,2025-11-26T00:20:43.951303,meera657@paytm,2014,Delhi,GooglePay,0
TXN17640966439513,2025-11-26T00:20:43.951304,sneha660@ybl,787,Mumbai,PayTm,0
TXN17640966439513,2025-11-26T00:20:43.951306,sneha641@ybl,1732,Kolkata,GooglePay,0
TXN17640966439513,2025-11-26T00:20:43.951309,mehul642@axl,1723,Delhi,GooglePay,0
TXN17640966439513,2025-11-26T00:20:43.951311,meera344@oksbi,2275,Chennai,GooglePay,0
TXN17640966439513,2025-11-26T00:20:43.951313,anita199@ybl,809,Pune,Cred,0
TXN17640966439513,2025-11-26T00:20:43.951315,mehul207@paytm,4673,Mumbai,PayTm,0
TXN17640966439513,2025-11-26T00:20:43.951317,mehul534@axl,3103,Chennai,PhonePay,0
TXN17640966439513,2025-11-26T00:20:43.951319,rohit16@axl,1169,Pune,PayTm,0
TXN17640966439513,2025-11-26T00:20:43.951321,rohit57@ybl,3989,Mumbai,PayTm,0
TXN17640966439513,2025-11-26T00:20:43.951323,mehul497@okhdfc,3682,Mumbai,PhonePay,0
TXN17640966439513,2025-11-26T00:20:43.951325,tommy187@axl,3527,Bangalore,Cred,0
TXN17640966439513,2025-11-26T00:20:43.951327,tommy262@oksbi,4301,Bangalore,PhonePay,0
TXN17640966439513,2025-11-26T00:20:43.951329,tommy478@okhdfc,1740,Chennai,Cred,0
TXN17640966439513,2025-11-26T00:20:43.951332,mehul382@okhdfc,1892,Pune,Cred,0
TXN17640966439513,2025-11-26T00:20:43.951333,anita592@ybl,158,Kolkata,PayTm,0
TXN17640966439513,2025-11-26T00:20:43.951335,meera575@oksbi,2965,Chennai,GooglePay,0
TXN17640966439513,2025-11-26T00:20:43.951337,rahul543@paytm,2271,Bangalore,GooglePay,0
TXN17640966439513,2025-11-26T00:20:43.951339,rajesh302@paytm,787,Kolkata,GooglePay,0
TXN17640966439513,2025-11-26T00:20:43.951341,meera934@okhdfc,2562,Chennai,GooglePay,0
TXN17640966439513,2025-11-26T00:20:43.951343,rohit282@okhdfc,575,Bangalore,Cred,0
TXN17640966439513,2025-11-26T00:20:43.951345,amit762@oksbi,300,Delhi,GooglePay,0
TXN17640966439513,2025-11-26T00:20:43.951347,tommy14@okhdfc,745,Kolkata,PayTm,0
TXN17640966439513,2025-11-26T00:20:43.951349,mehul107@okhdfc,2027,Bangalore,GooglePay,0
TXN17640966439513,2025-11-26T00:20:43.951351,tommy214@okhdfc,3974,Chennai,GooglePay,0
TXN17640966439513,2025-11-26T00:20:43.951353,rohit422@oksbi,80926,Jamtara,Cred,1
TXN17640966439513,2025-11-26T00:20:43.951355,tommy583@ybl,3772,Mumbai,GooglePay,0
TXN17640966439513,2025-11-26T00:20:43.951357,anita439@okhdfc,210,Bangalore,PhonePay,0
TXN17640966439513,2025-11-26T00:20:43.951359,vikram760@paytm,2251,Pune,PhonePay,0
TXN17640966439513,2025-11-26T00:20:43.951361,mehul139@okhdfc,4051,Bangalore,GooglePay,0
TXN17640966439513,2025-11-26T00:20:43.951363,sneha607@paytm,4323,Chennai,PhonePay,0
TXN17640966439513,2025-11-26T00:20:43.951365,sneha401@paytm,1195,Mumbai,Cred,0
TXN17640966439513,2025-11-26T00:20:43.951366,sneha478@okhdfc,1132,Hyderabad,Cred,0
TXN17640966439513,2025-11-26T00:20:43.951368,rajesh276@ybl,3442,Bangalore,Cred,0
TXN17640966439513,2025-11-26T00:20:43.951370,rajesh138@ybl,3081,Pune,PhonePay,0
TXN17640966439513,2025-11-26T00:20:43.951373,mehul379@oksbi,1692,Chennai,GooglePay,0
TXN17640966439513,2025-11-26T00:20:43.951375,tommy713@oksbi,2483,Bangalore,GooglePay,0
TXN17640966439513,2025-11-26T00:20:43.951377,rajesh890@okhdfc,3166,Mumbai,PhonePay,0
TXN17640966439513,2025-11-26T00:20:43.951379,swapnil168@ybl,1774,Pune,PayTm,0
TXN17640966439513,2025-11-26T00:20:43.951381,meera969@paytm,3361,Kolkata,GooglePay,0
TXN17640966439513,2025-11-26T00:20:43.951383,meera47@paytm,3033,Pune,PhonePay,0
TXN17640966439513,2025-11-26T00:20:43.951384,anita538@oksbi,31535,Kolkata,GooglePay,1
TXN17640966439513,2025-11-26T00:20:43.951387,meera2@okhdfc,3419,Bangalore,Cred,0
TXN17640966439513,2025-11-26T00:20:43.951389,amit927@paytm,309,Pune,PayTm,0
TXN17640966439513,2025-11-26T00:20:43.951391,rahul839@ybl,1009,Bangalore,PayTm,0
TXN17640966439513,2025-11-26T00:20:43.951393,tommy93@axl,4683,Bangalore,GooglePay,0
TXN17640966439513,2025-11-26T00:20:43.951395,sneha371@okhdfc,1081,Hyderabad,Cred,0
TXN17640966439513,2025-11-26T00:20:43.951397,tommy640@okhdfc,3785,Mumbai,PhonePay,0
TXN17640966439513,2025-11-26T00:20:43.951398,swapnil322@okhdfc,2515,Mumbai,GooglePay,0
TXN17640966439514,2025-11-26T00:20:43.951401,anita914@paytm,2282,Bangalore,PhonePay,0
TXN17640966439514,2025-11-26T00:20:43.951403,mehul215@oksbi,47,Kolkata,PhonePay,0
TXN17640966439514,2025-11-26T00:20:43.951405,amit591@oksbi,3742,Chennai,PayTm,0
TXN17640966439514,2025-11-26T00:20:43.951407,vikram283@paytm,4570,Kolkata,Cred,0
TXN17640966439514,2025-11-26T00:20:43.951409,rahul533@axl,893,Kolkata,GooglePay,0
TXN17640966439514,2025-11-26T00:20:43.951410,tommy381@axl,3507,Chennai,GooglePay,0
TXN17640966439514,2025-11-26T00:20:43.951412,swapnil693@ybl,3174,Delhi,PhonePay,0
TXN17640966439514,2025-11-26T00:20:43.951415,rohit836@ybl,4046,Pune,PhonePay,0
TXN17640966439514,2025-11-26T00:20:43.951417,sneha521@okhdfc,4479,Bangalore,GooglePay,0
TXN17640966439514,2025-11-26T00:20:43.951419,anita286@axl,441,Chennai,PhonePay,0
TXN17640966439514,2025-11-26T00:20:43.951421,tommy20@paytm,42597,Bharatpur,PhonePay,1
TXN17640966439514,2025-11-26T00:20:43.951423,amit355@axl,3237,Bangalore,PayTm,0
TXN17640966439514,2025-11-26T00:20:43.951426,rahul498@paytm,4573,Pune,Cred,0
TXN17640966439514,2025-11-26T00:20:43.951428,meera987@oksbi,29,Bangalore,PhonePay,0
TXN17640966439514,2025-11-26T00:20:43.951430,anita182@ybl,4822,Chennai,PayTm,0
TXN17640966439514,2025-11-26T00:20:43.951432,mehul616@paytm,11336,Jamtara,GooglePay,1
TXN17640966439514,2025-11-26T00:20:43.951434,amit334@okhdfc,4768,Hyderabad,PhonePay,0
TXN17640966439514,2025-11-26T00:20:43.951436,swapnil213@okhdfc,750,Chennai,PhonePay,0
TXN17640966439514,2025-11-26T00:20:43.951437,meera540@okhdfc,3629,Chennai,PhonePay,0
TXN17640966439514,2025-11-26T00:20:43.951439,swapnil801@axl,1880,Kolkata,Cred,0
TXN17640966439514,2025-11-26T00:20:43.951441,mehul643@axl,4472,Delhi,GooglePay,0
TXN17640966439514,2025-11-26T00:20:43.951443,rohit429@paytm,2254,Chennai,PayTm,0
TXN17640966439514,2025-11-26T00:20:43.951445,swapnil260@paytm,69,Bangalore,Cred,0
TXN17640966439514,2025-11-26T00:20:43.951447,swapnil641@axl,3708,Bangalore,GooglePay,0
TXN17640966439514,2025-11-26T00:20:43.951449,sneha470@axl,1318,Pune,Cred,0
TXN17640966439514,2025-11-26T00:20:43.951451,sneha348@axl,31533,Jamtara,Cred,1
TXN17640966439514,2025-11-26T00:20:43.951453,swapnil597@okhdfc,2523,Hyderabad,GooglePay,0
TXN17640966439514,2025-11-26T00:20:43.951455,rajesh324@okhdfc,4807,Mumbai,PayTm,0
TXN17640966439514,2025-11-26T00:20:43.951457,meera956@okhdfc,4874,Kolkata,PayTm,0
TXN17640966439514,2025-11-26T00:20:43.951459,rohit707@ybl,1446,Bangalore,GooglePay,0
TXN17640966439514,2025-11-26T00:20:43.951461,rajesh199@ybl,1476,Delhi,GooglePay,0
TXN17640966439514,2025-11-26T00:20:43.951463,anita305@oksbi,293,Hyderabad,PayTm,0
TXN17640966439514,2025-11-26T00:20:43.951466,rajesh380@oksbi,3134,Bangalore,PayTm,0
TXN17640966439514,2025-11-26T00:20:43.951468,amit737@axl,4504,Bangalore,GooglePay,0
TXN17640966439514,2025-11-26T00:20:43.951470,rajesh638@oksbi,3826,Hyderabad,PayTm,0
TXN17640966439514,2025-11-26T00:20:43.951471,swapnil562@ybl,91366,Bharatpur,Cred,1
TXN17640966439514,2025-11-26T00:20:43.951473,amit646@oksbi,382,Bangalore,PhonePay,0
TXN17640966439514,2025-11-26T00:20:43.951475,sneha134@paytm,2128,Delhi,PhonePay,0
TXN17640966439514,2025-11-26T00:20:43.951477,rohit601@paytm,595,Delhi,Cred,0
TXN17640966439514,2025-11-26T00:20:43.951479,meera651@okhdfc,4982,Mumbai,GooglePay,0
TXN17640966439514,2025-11-26T00:20:43.951481,mehul349@okhdfc,2211,Delhi,Cred,0
TXN17640966439514,2025-11-26T00:20:43.951483,vikram483@oksbi,4176,Mumbai,Cred,0
TXN17640966439514,2025-11-26T00:20:43.951485,meera383@ybl,3849,Bangalore,Cred,0
TXN17640966439514,2025-11-26T00:20:43.951487,rohit737@okhdfc,4313,Bangalore,Cred,0
TXN17640966439514,2025-11-26T00:20:43.951488,amit455@axl,4001,Kolkata,GooglePay,0
TXN17640966439514,2025-11-26T00:20:43.951490,rahul937@ybl,4268,Kolkata,PayTm,0
TXN17640966439514,2025-11-26T00:20:43.951492,tommy759@ybl,843,Chennai,GooglePay,0
TXN17640966439514,2025-11-26T00:20:43.951494,rajesh814@axl,1291,Chennai,PayTm,0
TXN17640966439514,2025-11-26T00:20:43.951496,tommy91@paytm,3675,Mumbai,PayTm,0
TXN17640966439514,2025-11-26T00:20:43.951498,amit799@paytm,3676,Chennai,GooglePay,0
TXN17640966439515,2025-11-26T00:20:43.951501,rahul797@oksbi,1360,Delhi,GooglePay,0
TXN17640966439515,2025-11-26T00:20:43.951504,tommy774@oksbi,2271,Chennai,Cred,0
TXN17640966439515,2025-11-26T00:20:43.951506,mehul52@oksbi,53958,Bharatpur,GooglePay,1
TXN17640966439515,2025-11-26T00:20:43.951508,rajesh731@ybl,1255,Kolkata,Cred,0
TXN17640966439515,2025-11-26T00:20:43.951510,sneha445@axl,212,Pune,GooglePay,0
TXN17640966439515,2025-11-26T00:20:43.951512,rohit591@okhdfc,2862,Pune,GooglePay,0
TXN17640966439515,2025-11-26T00:20:43.951514,vikram584@oksbi,683,Bangalore,PhonePay,0
TXN17640966439515,2025-11-26T00:20:43.951516,mehul936@okhdfc,3861,Kolkata,Cred,0
TXN17640966439515,2025-11-26T00:20:43.951518,anita265@okhdfc,1146,Hyderabad,Cred,0
TXN17640966439515,2025-11-26T00:20:43.951520,swapnil447@axl,1582,Bangalore,PhonePay,0
TXN17640966439515,2025-11-26T00:20:43.951521,meera402@oksbi,1946,Mumbai,PayTm,0
TXN17640966439515,2025-11-26T00:20:43.951523,swapnil101@oksbi,4464,Chennai,Cred,0
TXN17640966439515,2025-11-26T00:20:43.951525,rohit543@axl,3434,Hyderabad,Cred,0
TXN17640966439515,2025-11-26T00:20:43.951527,rajesh576@okhdfc,2968,Delhi,Cred,0
TXN17640966439515,2025-11-26T00:20:43.951529,rajesh795@axl,2432,Kolkata,PhonePay,0
TXN17640966439515,2025-11-26T00:20:43.951531,sneha892@oksbi,4003,Bangalore,GooglePay,0
TXN17640966439515,2025-11-26T00:20:43.951533,rahul594@okhdfc,3410,Delhi,Cred,0
TXN17640966439515,2025-11-26T00:20:43.951535,tommy747@ybl,2893,Delhi,Cred,0
TXN17640966439515,2025-11-26T00:20:43.951537,amit13@ybl,4427,Pune,PayTm,0
TXN17640966439515,2025-11-26T00:20:43.951539,vikram51@paytm,3494,Pune,PhonePay,0
TXN17640966439515,2025-11-26T00:20:43.951541,rahul585@oksbi,1100,Delhi,PhonePay,0
TXN17640966439515,2025-11-26T00:20:43.951544,vikram148@ybl,1853,Chennai,PhonePay,0
TXN17640966439515,2025-11-26T00:20:43.951546,anita489@okhdfc,3105,Mumbai,Cred,0
TXN17640966439515,2025-11-26T00:20:43.951548,rajesh716@axl,4641,Delhi,PhonePay,0
TXN17640966439515,2025-11-26T00:20:43.951550,rajesh624@oksbi,2911,Mumbai,PayTm,0
TXN17640966439515,2025-11-26T00:20:43.951552,meera955@axl,403,Pune,GooglePay,0
TXN17640966439515,2025-11-26T00:20:43.951554,mehul802@paytm,3122,Mumbai,Cred,0
TXN17640966439515,2025-11-26T00:20:43.951556,rahul221@oksbi,3486,Pune,Cred,0
TXN17640966439515,2025-11-26T00:20:43.951558,swapnil372@oksbi,664,Chennai,GooglePay,0
TXN17640966439515,2025-11-26T00:20:43.951560,rahul714@okhdfc,35661,Kolkata,PhonePay,1
TXN17640966439515,2025-11-26T00:20:43.951562,meera753@ybl,2179,Delhi,Cred,0
TXN17640966439515,2025-11-26T00:20:43.951564,rohit236@okhdfc,1364,Bangalore,GooglePay,0
TXN17640966439515,2025-11-26T00:20:43.951566,anita987@oksbi,1598,Mumbai,PhonePay,0
TXN17640966439515,2025-11-26T00:20:43.951568,meera621@oksbi,3124,Bangalore,PhonePay,0
TXN17640966439515,2025-11-26T00:20:43.951570,vikram814@ybl,941,Bangalore,Cred,0
TXN17640966439515,2025-11-26T00:20:43.951571,rahul688@paytm,2815,Hyderabad,PhonePay,0
TXN17640966439515,2025-11-26T00:20:43.951573,rohit975@paytm,1586,Chennai,PhonePay,0
TXN17640966439515,2025-11-26T00:20:43.951575,vikram71@okhdfc,4497,Kolkata,GooglePay,0
TXN17640966439515,2025-11-26T00:20:43.951577,rohit523@ybl,1949,Delhi,PhonePay,0
TXN17640966439515,2025-11-26T00:20:43.951579,anita592@axl,2398,Kolkata,PayTm,0
TXN17640966439515,2025-11-26T00:20:43.951581,anita826@axl,1640,Mumbai,PayTm,0
TXN17640966439515,2025-11-26T00:20:43.951583,sneha533@okhdfc,2738,Hyderabad,PayTm,0
TXN17640966439515,2025-11-26T00:20:43.951586,amit498@okhdfc,3068,Delhi,PhonePay,0
TXN17640966439515,2025-11-26T00:20:43.951588,tommy736@okhdfc,4233,Mumbai,PhonePay,0
TXN17640966439515,2025-11-26T00:20:43.951590,sneha235@okhdfc,3372,Hyderabad,PayTm,0
TXN17640966439515,2025-11-26T00:20:43.951592,vikram447@axl,3203,Pune,GooglePay,0
TXN17640966439515,2025-11-26T00:20:43.951594,anita282@paytm,45542,Delhi,PhonePay,1
TXN17640966439515,2025-11-26T00:20:43.951596,tommy675@oksbi,4965,Chennai,PhonePay,0
TXN17640966439515,2025-11-26T00:20:43.951598,meera779@okhdfc,4704,Hyderabad,Cred,0
TXN17640966439516,2025-11-26T00:20:43.951600,mehul408@oksbi,4022,Delhi,PayTm,0
TXN17640966439516,2025-11-26T00:20:43.951602,anita207@oksbi,1508,Pune,GooglePay,0
TXN17640966439516,2025-11-26T00:20:43.951604,sneha154@axl,547,Pune,PhonePay,0
TXN17640966439516,2025-11-26T00:20:43.951605,tommy287@ybl,3508,Kolkata,PayTm,0
TXN17640966439516,2025-11-26T00:20:43.951608,tommy358@oksbi,1980,Chennai,PhonePay,0
TXN17640966439516,2025-11-26T00:20:43.951610,swapnil871@paytm,101,Hyderabad,PayTm,0
TXN17640966439516,2025-11-26T00:20:43.951612,rajesh493@paytm,4361,Hyderabad,GooglePay,0
TXN17640966439516,2025-11-26T00:20:43.951614,mehul883@axl,2706,Kolkata,PhonePay,0
TXN17640966439516,2025-11-26T00:20:43.951616,swapnil286@axl,3279,Bangalore,PhonePay,0
TXN17640966439516,2025-11-26T00:20:43.951618,rohit989@paytm,1334,Pune,GooglePay,0
TXN17640966439516,2025-11-26T00:20:43.951620,rajesh381@paytm,3551,Delhi,Cred,0
TXN17640966439516,2025-11-26T00:20:43.951623,meera737@paytm,1195,Chennai,GooglePay,0
TXN17640966439516,2025-11-26T00:20:43.951625,vikram53@oksbi,3292,Hyderabad,PhonePay,0
TXN17640966439516,2025-11-26T00:20:43.951627,amit536@oksbi,250,Hyderabad,Cred,0
TXN17640966439516,2025-11-26T00:20:43.951629,amit418@paytm,155,Kolkata,Cred,0
TXN17640966439516,2025-11-26T00:20:43.951631,swapnil518@ybl,4329,Bangalore,PayTm,0
TXN17640966439516,2025-11-26T00:20:43.951633,rohit493@oksbi,3074,Pune,GooglePay,0
TXN17640966439516,2025-11-26T00:20:43.951635,rahul11@axl,3724,Pune,PayTm,0
TXN17640966439516,2025-11-26T00:20:43.951637,rohit795@okhdfc,2516,Kolkata,PhonePay,0
TXN17640966439516,2025-11-26T00:20:43.951639,rohit787@ybl,3312,Delhi,Cred,0
TXN17640966439516,2025-11-26T00:20:43.951641,rohit333@oksbi,724,Pune,Cred,0
TXN17640966439516,2025-11-26T00:20:43.951643,rajesh278@axl,1632,Hyderabad,PhonePay,0
TXN17640966439516,2025-11-26T00:20:43.951645,swapnil795@ybl,1883,Mumbai,Cred,0
TXN17640966439516,2025-11-26T00:20:43.951647,amit190@axl,760,Hyderabad,PayTm,0
TXN17640966439516,2025-11-26T00:20:43.951649,vikram827@paytm,2057,Bangalore,GooglePay,0
TXN17640966439516,2025-11-26T00:20:43.951651,anita779@oksbi,3787,Kolkata,GooglePay,0
TXN17640966439516,2025-11-26T00:20:43.951653,vikram537@paytm,2221,Chennai,GooglePay,0
TXN17640966439516,2025-11-26T00:20:43.951655,anita897@paytm,1434,Hyderabad,PhonePay,0
TXN17640966439516,2025-11-26T00:20:43.951657,rahul956@paytm,2424,Bangalore,PayTm,0
TXN17640966439516,2025-11-26T00:20:43.951658,amit654@ybl,85228,Jamtara,GooglePay,1
TXN17640966439516,2025-11-26T00:20:43.951661,amit768@axl,177,Kolkata,GooglePay,0
TXN17640966439516,2025-11-26T00:20:43.951663,swapnil192@oksbi,2127,Chennai,PhonePay,0
TXN17640966439516,2025-11-26T00:20:43.951665,meera401@oksbi,690,Bangalore,GooglePay,0
TXN17640966439516,2025-11-26T00:20:43.951667,tommy56@axl,727,Pune,GooglePay,0
TXN17640966439516,2025-11-26T00:20:43.951669,rajesh708@ybl,1753,Bangalore,Cred,0
TXN17640966439516,2025-11-26T00:20:43.951671,amit730@axl,4320,Mumbai,GooglePay,0
TXN17640966439516,2025-11-26T00:20:43.951673,meera986@paytm,4507,Chennai,PayTm,0
TXN17640966439516,2025-11-26T00:20:43.951675,swapnil862@okhdfc,3517,Kolkata,Cred,0
TXN17640966439516,2025-11-26T00:20:43.951677,rajesh226@okhdfc,13000,Mewat,PayTm,1
TXN17640966439516,2025-11-26T00:20:43.951679,amit701@oksbi,4708,Pune,PayTm,0
TXN17640966439516,2025-11-26T00:20:43.951681,rajesh434@okhdfc,1470,Mumbai,PhonePay,0
TXN17640966439516,2025-11-26T00:20:43.951683,amit634@oksbi,2332,Kolkata,Cred,0
TXN17640966439516,2025-11-26T00:20:43.951685,swapnil589@paytm,837,Pune,PhonePay,0
TXN17640966439516,2025-11-26T00:20:43.951687,rohit265@ybl,627,Pune,Cred,0
TXN17640966439516,2025-11-26T00:20:43.951688,meera193@axl,1703,Hyderabad,PayTm,0
TXN17640966439516,2025-11-26T00:20:43.951690,anita425@ybl,3061,Delhi,Cred,0
TXN17640966439516,2025-11-26T00:20:43.951692,anita889@okhdfc,1667,Delhi,PhonePay,0
TXN17640966439516,2025-11-26T00:20:43.951694,rajesh725@axl,3323,Mumbai,Cred,0
TXN17640966439516,2025-11-26T00:20:43.951697,rahul529@ybl,4793,Kolkata,GooglePay,0
TXN17640966439516,2025-11-26T00:20:43.951698,vikram173@axl,3973,Chennai,GooglePay,0
TXN17640966439517,2025-11-26T00:20:43.951701,sneha893@axl,1767,Bangalore,PhonePay,0
TXN17640966439517,2025-11-26T00:20:43.951703,meera227@ybl,2227,Pune,PhonePay,0
TXN17640966439517,2025-11-26T00:20:43.951705,tommy439@oksbi,1741,Chennai,GooglePay,0
TXN17640966439517,2025-11-26T00:20:43.951707,amit907@okhdfc,828,Mumbai,Cred,0
TXN17640966439517,2025-11-26T00:20:43.951710,rahul7@paytm,2404,Chennai,PayTm,0
TXN17640966439517,2025-11-26T00:20:43.951712,rahul475@axl,911,Pune,Cred,0
TXN17640966439517,2025-11-26T00:20:43.951714,tommy944@ybl,137,Bangalore,PayTm,0
TXN17640966439517,2025-11-26T00:20:43.951716,meera401@ybl,4479,Pune,Cred,0
TXN17640966439517,2025-11-26T00:20:43.951718,tommy179@axl,4075,Delhi,PhonePay,0
TXN17640966439517,2025-11-26T00:20:43.951720,sneha397@paytm,2932,Hyderabad,Cred,0
TXN17640966439517,2025-11-26T00:20:43.951722,tommy369@axl,67092,Jamtara,PayTm,1
TXN17640966439517,2025-11-26T00:20:43.951724,rohit446@ybl,3811,Hyderabad,GooglePay,0
TXN17640966439517,2025-11-26T00:20:43.951726,rohit416@axl,3405,Delhi,GooglePay,0
TXN17640966439517,2025-11-26T00:20:43.951728,tommy474@ybl,2842,Hyderabad,PayTm,0
TXN17640966439517,2025-11-26T00:20:43.951730,amit87@paytm,1655,Delhi,PayTm,0
TXN17640966439517,2025-11-26T00:20:43.951732,rajesh276@okhdfc,3761,Chennai,GooglePay,0
TXN17640966439517,2025-11-26T00:20:43.951734,rajesh846@ybl,1272,Delhi,Cred,0
TXN17640966439517,2025-11-26T00:20:43.951736,mehul269@paytm,98,Hyderabad,GooglePay,0
TXN17640966439517,2025-11-26T00:20:43.951738,meera376@okhdfc,225,Kolkata,PhonePay,0
TXN17640966439517,2025-11-26T00:20:43.951740,vikram76@axl,1956,Pune,Cred,0
TXN17640966439517,2025-11-26T00:20:43.951742,swapnil278@axl,3368,Chennai,PhonePay,0
TXN17640966439517,2025-11-26T00:20:43.951744,mehul37@oksbi,35675,Mumbai,PhonePay,1
TXN17640966439517,2025-11-26T00:20:43.951746,sneha622@ybl,164,Kolkata,GooglePay,0
TXN17640966439517,2025-11-26T00:20:43.951748,vikram612@okhdfc,2218,Bangalore,PhonePay,0
TXN17640966439517,2025-11-26T00:20:43.951750,meera526@ybl,1253,Pune,PhonePay,0
TXN17640966439517,2025-11-26T00:20:43.951752,rohit280@okhdfc,1057,Chennai,PayTm,0
TXN17640966439517,2025-11-26T00:20:43.951754,anita302@okhdfc,685,Bangalore,GooglePay,0
TXN17640966439517,2025-11-26T00:20:43.951756,swapnil958@paytm,2926,Bangalore,PayTm,0
TXN17640966439517,2025-11-26T00:20:43.951758,rajesh160@oksbi,512,Hyderabad,PayTm,0
TXN17640966439517,2025-11-26T00:20:43.951760,tommy870@paytm,3945,Bangalore,GooglePay,0
TXN17640966439517,2025-11-26T00:20:43.951763,sneha163@axl,4346,Hyderabad,GooglePay,0
TXN17640966439517,2025-11-26T00:20:43.951764,rohit709@okhdfc,94958,Bharatpur,Cred,1
TXN17640966439517,2025-11-26T00:20:43.951766,meera718@okhdfc,446,Pune,GooglePay,0
TXN17640966439517,2025-11-26T00:20:43.951768,rajesh841@axl,1693,Hyderabad,GooglePay,0
TXN17640966439517,2025-11-26T00:20:43.951770,amit811@oksbi,3144,Hyderabad,PayTm,0
TXN17640966439517,2025-11-26T00:20:43.951772,rahul458@axl,4061,Delhi,GooglePay,0
TXN17640966439517,2025-11-26T00:20:43.951774,rajesh333@paytm,4458,Kolkata,GooglePay,0
TXN17640966439517,2025-11-26T00:20:43.951776,meera110@okhdfc,4933,Pune,Cred,0
TXN17640966439517,2025-11-26T00:20:43.951778,vikram537@ybl,2059,Chennai,Cred,0
TXN17640966439517,2025-11-26T00:20:43.951780,anita964@ybl,697,Mumbai,Cred,0
TXN17640966439517,2025-11-26T00:20:43.951783,vikram14@ybl,171,Kolkata,Cred,0
TXN17640966439517,2025-11-26T00:20:43.951785,rahul124@okhdfc,3372,Chennai,PayTm,0
TXN17640966439517,2025-11-26T00:20:43.951786,rajesh336@okhdfc,3417,Hyderabad,GooglePay,0
TXN17640966439517,2025-11-26T00:20:43.951788,anita887@okhdfc,2123,Chennai,Cred,0
TXN17640966439517,2025-11-26T00:20:43.951790,tommy494@oksbi,2438,Delhi,PayTm,0
TXN17640966439517,2025-11-26T00:20:43.951792,rahul280@oksbi,44723,Pune,PhonePay,1
TXN17640966439517,2025-11-26T00:20:43.951794,mehul932@ybl,1333,Bangalore,Cred,0
TXN17640966439517,2025-11-26T00:20:43.951796,vikram823@paytm,28,Delhi,Cred,0
TXN17640966439517,2025-11-26T00:20:43.951798,anita113@oksbi,89758,Delhi,PhonePay,1
TXN17640966439518,2025-11-26T00:20:43.951800,amit924@ybl,3378,Kolkata,PayTm,0
TXN17640966439518,2025-11-26T00:20:43.951802,swapnil780@okhdfc,210,Hyderabad,PhonePay,0
TXN17640966439518,2025-11-26T00:20:43.951804,anita762@axl,3518,Mumbai,PhonePay,0
TXN17640966439518,2025-11-26T00:20:43.951806,tommy916@paytm,4841,Pune,PhonePay,0
TXN17640966439518,2025-11-26T00:20:43.951809,sneha765@okhdfc,4415,Mumbai,GooglePay,0
TXN17640966439518,2025-11-26T00:20:43.951811,mehul678@okhdfc,1911,Chennai,GooglePay,0
TXN17640966439518,2025-11-26T00:20:43.951813,anita942@axl,3740,Bangalore,GooglePay,0
TXN17640966439518,2025-11-26T00:20:43.951815,meera472@okhdfc,1888,Pune,PhonePay,0
TXN17640966439518,2025-11-26T00:20:43.951817,swapnil613@ybl,236,Delhi,GooglePay,0
TXN17640966439518,2025-11-26T00:20:43.951820,anita962@axl,786,Mumbai,Cred,0
TXN17640966439518,2025-11-26T00:20:43.951822,amit69@okhdfc,1824,Pune,PhonePay,0
TXN17640966439518,2025-11-26T00:20:43.951824,amit698@oksbi,1220,Hyderabad,Cred,0
TXN17640966439518,2025-11-26T00:20:43.951826,amit497@axl,1797,Pune,Cred,0
TXN17640966439518,2025-11-26T00:20:43.951827,amit651@okhdfc,86800,Bharatpur,PayTm,1
TXN17640966439518,2025-11-26T00:20:43.951829,tommy410@axl,2003,Chennai,GooglePay,0
TXN17640966439518,2025-11-26T00:20:43.951831,meera215@okhdfc,4249,Mumbai,PhonePay,0
TXN17640966439518,2025-11-26T00:20:43.951833,meera903@oksbi,1093,Mumbai,Cred,0
TXN17640966439518,2025-11-26T00:20:43.951835,anita615@oksbi,3562,Mumbai,PayTm,0
TXN17640966439518,2025-11-26T00:20:43.951837,tommy453@okhdfc,4791,Pune,PhonePay,0
TXN17640966439518,2025-11-26T00:20:43.951839,rohit284@ybl,2224,Bangalore,GooglePay,0
TXN17640966439518,2025-11-26T00:20:43.951841,meera270@oksbi,1406,Chennai,PayTm,0
TXN17640966439518,2025-11-26T00:20:43.951843,amit77@paytm,2737,Mumbai,Cred,0
TXN17640966439518,2025-11-26T00:20:43.951845,swapnil164@ybl,1204,Pune,PayTm,0
TXN17640966439518,2025-11-26T00:20:43.951847,swapnil723@oksbi,775,Chennai,GooglePay,0
TXN17640966439518,2025-11-26T00:20:43.951849,tommy282@oksbi,2098,Delhi,Cred,0
TXN17640966439518,2025-11-26T00:20:43.951851,tommy79@ybl,3264,Hyderabad,Cred,0
TXN17640966439518,2025-11-26T00:20:43.951853,rohit858@oksbi,86,Kolkata,PhonePay,0
TXN17640966439518,2025-11-26T00:20:43.951855,meera422@paytm,4695,Delhi,Cred,0
TXN17640966439518,2025-11-26T00:20:43.951857,vikram439@okhdfc,4325,Bangalore,PayTm,0
TXN17640966439518,2025-11-26T00:20:43.951859,rahul163@axl,2828,Delhi,GooglePay,0
TXN17640966439518,2025-11-26T00:20:43.951861,tommy176@ybl,2355,Mumbai,PhonePay,0
TXN17640966439518,2025-11-26T00:20:43.951863,sneha446@axl,1846,Kolkata,PhonePay,0
TXN17640966439518,2025-11-26T00:20:43.951865,swapnil346@ybl,4905,Mumbai,PayTm,0
TXN17640966439518,2025-11-26T00:20:43.951867,rajesh356@oksbi,2017,Kolkata,GooglePay,0
TXN17640966439518,2025-11-26T00:20:43.951869,sneha760@oksbi,297,Mumbai,PhonePay,0
TXN17640966439518,2025-11-26T00:20:43.951871,meera581@paytm,14419,Mewat,PhonePay,1
TXN17640966439518,2025-11-26T00:20:43.951872,mehul310@okhdfc,26226,Pune,GooglePay,1
TXN17640966439518,2025-11-26T00:20:43.951874,rohit224@axl,1035,Bangalore,PhonePay,0
TXN17640966439518,2025-11-26T00:20:43.951876,rahul772@okhdfc,2703,Delhi,PayTm,0
TXN17640966439518,2025-11-26T00:20:43.951878,rahul840@okhdfc,3755,Hyderabad,PayTm,0
TXN17640966439518,2025-11-26T00:20:43.951880,vikram510@paytm,731,Pune,PayTm,0
TXN17640966439518,2025-11-26T00:20:43.951882,vikram856@paytm,1367,Mumbai,PhonePay,0
TXN17640966439518,2025-11-26T00:20:43.951884,mehul162@ybl,2735,Pune,PayTm,0
TXN17640966439518,2025-11-26T00:20:43.951886,rahul690@okhdfc,4592,Pune,Cred,0
TXN17640966439518,2025-11-26T00:20:43.951888,rohit483@axl,3311,Chennai,PhonePay,0
TXN17640966439518,2025-11-26T00:20:43.951890,swapnil976@axl,3280,Delhi,Cred,0
TXN17640966439518,2025-11-26T00:20:43.951892,sneha787@axl,3035,Hyderabad,PayTm,0
TXN17640966439518,2025-11-26T00:20:43.951894,vikram150@paytm,1498,Hyderabad,Cred,0
TXN17640966439518,2025-11-26T00:20:43.951897,meera51@oksbi,496,Pune,PayTm,0
TXN17640966439518,2025-11-26T00:20:43.951899,tommy885@okhdfc,4224,Chennai,PhonePay,0
TXN17640966439519,2025-11-26T00:20:43.951901,rohit530@okhdfc,2558,Mumbai,Cred,0
TXN17640966439519,2025-11-26T00:20:43.951902,meera674@okhdfc,4777,Chennai,PhonePay,0
TXN17640966439519,2025-11-26T00:20:43.951904,rahul969@paytm,975,Pune,PayTm,0
TXN17640966439519,2025-11-26T00:20:43.951906,amit926@paytm,528,Chennai,Cred,0
TXN17640966439519,2025-11-26T00:20:43.951908,vikram811@ybl,3161,Pune,Cred,0
TXN17640966439519,2025-11-26T00:20:43.951910,rajesh749@axl,4430,Bangalore,Cred,0
TXN17640966439519,2025-11-26T00:20:43.951912,rahul637@paytm,4307,Mumbai,PayTm,0
TXN17640966439519,2025-11-26T00:20:43.951919,anita119@okhdfc,378,Chennai,PhonePay,0
TXN17640966439519,2025-11-26T00:20:43.951921,sneha715@okhdfc,836,Delhi,PhonePay,0
TXN17640966439519,2025-11-26T00:20:43.951924,rahul130@okhdfc,3421,Bangalore,PhonePay,0
TXN17640966439519,2025-11-26T00:20:43.951927,mehul11@paytm,2697,Pune,Cred,0
TXN17640966439519,2025-11-26T00:20:43.951929,meera98@paytm,50942,Chennai,Cred,1
TXN17640966439519,2025-11-26T00:20:43.951932,rahul488@paytm,594,Pune,Cred,0
TXN17640966439519,2025-11-26T00:20:43.951935,amit5@axl,4695,Mumbai,PhonePay,0
TXN17640966439519,2025-11-26T00:20:43.951938,mehul267@axl,785,Hyderabad,Cred,0
TXN17640966439519,2025-11-26T00:20:43.951940,anita201@ybl,2809,Mumbai,PayTm,0
TXN17640966439519,2025-11-26T00:20:43.951942,tommy780@oksbi,3152,Hyderabad,Cred,0
TXN17640966439519,2025-11-26T00:20:43.951944,amit456@oksbi,4030,Pune,GooglePay,0
TXN17640966439519,2025-11-26T00:20:43.951946,meera26@paytm,4927,Hyderabad,PayTm,0
TXN17640966439519,2025-11-26T00:20:43.951948,swapnil278@ybl,4291,Kolkata,PhonePay,0
TXN17640966439519,2025-11-26T00:20:43.951950,anita409@axl,32309,Bharatpur,PayTm,1
TXN17640966439519,2025-11-26T00:20:43.951952,rajesh100@okhdfc,3385,Delhi,GooglePay,0
TXN17640966439519,2025-11-26T00:20:43.951954,rahul948@ybl,1636,Delhi,PhonePay,0
TXN17640966439519,2025-11-26T00:20:43.951955,tommy378@okhdfc,2502,Chennai,PayTm,0
TXN17640966439519,2025-11-26T00:20:43.951957,meera875@ybl,1754,Chennai,GooglePay,0
TXN17640966439519,2025-11-26T00:20:43.951959,sneha825@paytm,2751,Hyderabad,Cred,0
TXN17640966439519,2025-11-26T00:20:43.951961,amit547@ybl,2586,Chennai,PhonePay,0
TXN17640966439519,2025-11-26T00:20:43.951963,sneha993@okhdfc,536,Mumbai,PayTm,0
TXN17640966439519,2025-11-26T00:20:43.951965,sneha928@okhdfc,879,Pune,GooglePay,0
TXN17640966439519,2025-11-26T00:20:43.951967,rahul825@paytm,3819,Bangalore,PhonePay,0
TXN17640966439519,2025-11-26T00:20:43.951969,vikram592@okhdfc,871,Delhi,GooglePay,0
TXN17640966439519,2025-11-26T00:20:43.951971,rohit292@okhdfc,1712,Chennai,PhonePay,0
TXN17640966439519,2025-11-26T00:20:43.951973,swapnil773@paytm,4909,Hyderabad,PhonePay,0
TXN17640966439519,2025-11-26T00:20:43.951975,rajesh768@oksbi,1947,Bangalore,PhonePay,0
TXN17640966439519,2025-11-26T00:20:43.951977,rohit662@axl,434,Delhi,PhonePay,0
TXN17640966439519,2025-11-26T00:20:43.951979,mehul178@paytm,664,Kolkata,PayTm,0
TXN17640966439519,2025-11-26T00:20:43.951982,meera864@okhdfc,3178,Mumbai,PhonePay,0
TXN17640966439519,2025-11-26T00:20:43.951984,rajesh426@axl,3266,Pune,Cred,0
TXN17640966439519,2025-11-26T00:20:43.951986,tommy156@oksbi,4889,Pune,Cred,0
TXN17640966439519,2025-11-26T00:20:43.951988,rahul844@paytm,1260,Bangalore,Cred,0
TXN17640966439519,2025-11-26T00:20:43.951990,amit461@axl,3682,Hyderabad,Cred,0
TXN17640966439519,2025-11-26T00:20:43.951992,sneha930@okhdfc,56,Hyderabad,PhonePay,0
TXN17640966439519,2025-11-26T00:20:43.951994,rajesh724@paytm,3553,Kolkata,Cred,0
TXN17640966439519,2025-11-26T00:20:43.951996,sneha974@axl,3222,Delhi,PayTm,0
TXN17640966439519,2025-11-26T00:20:43.951998,sneha577@paytm,2483,Kolkata,Cred,0
TXN17640966439520,2025-11-26T00:20:43.952000,meera614@ybl,3342,Hyderabad,Cred,0
TXN17640966439520,2025-11-26T00:20:43.952002,tommy684@okhdfc,756,Hyderabad,Cred,0
TXN17640966439520,2025-11-26T00:20:43.952004,meera450@ybl,3220,Delhi,Cred,0
TXN17640966439520,2025-11-26T00:20:43.952005,sneha155@oksbi,4089,Bangalore,PhonePay,0
TXN17640966439520,2025-11-26T00:20:43.952007,rajesh561@ybl,4393,Pune,GooglePay,0
TXN17640966439520,2025-11-26T00:20:43.952009,mehul5@okhdfc,3102,Mumbai,GooglePay,0
TXN17640966439520,2025-11-26T00:20:43.952011,rahul91@paytm,1296,Mumbai,Cred,0
TXN17640966439520,2025-11-26T00:20:43.952013,vikram5@ybl,195,Pune,GooglePay,0
TXN17640966439520,2025-11-26T00:20:43.952015,mehul523@paytm,2422,Hyderabad,PayTm,0
TXN17640966439520,2025-11-26T00:20:43.952017,meera594@ybl,1664,Pune,GooglePay,0
TXN17640966439520,2025-11-26T00:20:43.952019,rajesh505@axl,4564,Bangalore,PhonePay,0
TXN17640966439520,2025-11-26T00:20:43.952021,rohit317@axl,1793,Mumbai,Cred,0
TXN17640966439520,2025-11-26T00:20:43.952025,rajesh543@paytm,4604,Kolkata,GooglePay,0
TXN17640966439520,2025-11-26T00:20:43.952027,mehul485@okhdfc,217,Bangalore,PayTm,0
TXN17640966439520,2025-11-26T00:20:43.952029,rahul503@axl,239,Kolkata,GooglePay,0
TXN17640966439520,2025-11-26T00:20:43.952031,rohit273@paytm,202,Chennai,Cred,0
TXN17640966439520,2025-11-26T00:20:43.952033,amit451@ybl,585,Kolkata,GooglePay,0
TXN17640966439520,2025-11-26T00:20:43.952035,amit949@paytm,4724,Chennai,PhonePay,0
TXN17640966439520,2025-11-26T00:20:43.952037,rajesh377@oksbi,3278,Pune,GooglePay,0
TXN17640966439520,2025-11-26T00:20:43.952039,meera216@paytm,3378,Mumbai,GooglePay,0
TXN17640966439520,2025-11-26T00:20:43.952040,vikram895@ybl,4937,Pune,Cred,0
TXN17640966439520,2025-11-26T00:20:43.952042,tommy849@ybl,2689,Mumbai,PayTm,0
TXN17640966439520,2025-11-26T00:20:43.952044,tommy830@axl,1623,Hyderabad,PhonePay,0
TXN17640966439520,2025-11-26T00:20:43.952046,meera874@paytm,956,Bangalore,PhonePay,0
TXN17640966439520,2025-11-26T00:20:43.952048,amit209@oksbi,2629,Delhi,PayTm,0
TXN17640966439520,2025-11-26T00:20:43.952050,meera681@oksbi,1264,Delhi,PayTm,0
TXN17640966439520,2025-11-26T00:20:43.952052,mehul634@ybl,276,Mumbai,GooglePay,0
TXN17640966439520,2025-11-26T00:20:43.952054,rohit544@axl,3088,Mumbai,PhonePay,0
TXN17640966439520,2025-11-26T00:20:43.952056,amit431@axl,4738,Delhi,GooglePay,0
TXN17640966439520,2025-11-26T00:20:43.952058,meera353@paytm,1063,Pune,GooglePay,0
TXN17640966439520,2025-11-26T00:20:43.952060,amit464@paytm,3828,Chennai,Cred,0
TXN17640966439520,2025-11-26T00:20:43.952062,vikram603@okhdfc,980,Pune,Cred,0
TXN17640966439520,2025-11-26T00:20:43.952064,mehul999@axl,3123,Hyderabad,Cred,0
TXN17640966439520,2025-11-26T00:20:43.952067,vikram482@okhdfc,3642,Delhi,PhonePay,0
TXN17640966439520,2025-11-26T00:20:43.952069,rahul186@axl,2929,Pune,Cred,0
TXN17640966439520,2025-11-26T00:20:43.952070,rajesh149@axl,3421,Mumbai,GooglePay,0
TXN17640966439520,2025-11-26T00:20:43.952072,rajesh648@axl,4103,Delhi,GooglePay,0
TXN17640966439520,2025-11-26T00:20:43.952074,vikram207@axl,3507,Kolkata,PayTm,0
TXN17640966439520,2025-11-26T00:20:43.952076,rohit515@okhdfc,1522,Chennai,PhonePay,0
TXN17640966439520,2025-11-26T00:20:43.952078,mehul27@oksbi,778,Kolkata,GooglePay,0
TXN17640966439520,2025-11-26T00:20:43.952080,amit64@axl,17,Hyderabad,GooglePay,0
TXN17640966439520,2025-11-26T00:20:43.952082,swapnil277@ybl,96918,Mumbai,PayTm,1
TXN17640966439520,2025-11-26T00:20:43.952084,amit474@okhdfc,1973,Kolkata,PayTm,0
TXN17640966439520,2025-11-26T00:20:43.952086,mehul185@okhdfc,1419,Kolkata,GooglePay,0
TXN17640966439520,2025-11-26T00:20:43.952087,sneha514@axl,363,Chennai,PayTm,0
TXN17640966439520,2025-11-26T00:20:43.952089,anita681@paytm,2060,Mumbai,GooglePay,0
TXN17640966439520,2025-11-26T00:20:43.952091,meera720@okhdfc,1994,Kolkata,PayTm,0
TXN17640966439520,2025-11-26T00:20:43.952093,vikram231@oksbi,378,Mumbai,PhonePay,0
TXN17640966439520,2025-11-26T00:20:43.952095,rajesh791@okhdfc,1687,Kolkata,GooglePay,0
TXN17640966439521,2025-11-26T00:20:43.952120,rohit848@oksbi,3455,Bangalore,GooglePay,0
TXN17640966439521,2025-11-26T00:20:43.952124,vikram747@okhdfc,955,Chennai,Cred,0
TXN17640966439521,2025-11-26T00:20:43.952128,amit126@ybl,1620,Kolkata,PhonePay,0
TXN17640966439521,2025-11-26T00:20:43.952131,rajesh448@ybl,1783,Kolkata,Cred,0
TXN17640966439521,2025-11-26T00:20:43.952133,amit714@ybl,2993,Kolkata,PhonePay,0
TXN17640966439521,2025-11-26T00:20:43.952136,tommy580@ybl,168,Bangalore,PhonePay,0
TXN17640966439521,2025-11-26T00:20:43.952138,rajesh691@oksbi,1207,Mumbai,PhonePay,0
TXN17640966439521,2025-11-26T00:20:43.952140,amit479@paytm,2209,Kolkata,PayTm,0
TXN17640966439521,2025-11-26T00:20:43.952142,tommy300@ybl,184,Pune,Cred,0
TXN17640966439521,2025-11-26T00:20:43.952145,rohit108@paytm,4396,Delhi,Cred,0
TXN17640966439521,2025-11-26T00:20:43.952147,anita477@ybl,223,Hyderabad,PayTm,0
TXN17640966439521,2025-11-26T00:20:43.952149,sneha705@ybl,410,Pune,PayTm,0
TXN17640966439521,2025-11-26T00:20:43.952150,tommy722@axl,4015,Hyderabad,PayTm,0
TXN17640966439521,2025-11-26T00:20:43.952152,anita486@okhdfc,3345,Delhi,PhonePay,0
TXN17640966439521,2025-11-26T00:20:43.952154,amit217@okhdfc,31945,Hyderabad,PayTm,1
TXN17640966439521,2025-11-26T00:20:43.952157,rajesh782@oksbi,3591,Chennai,Cred,0
TXN17640966439521,2025-11-26T00:20:43.952159,amit268@okhdfc,2605,Mumbai,PayTm,0
TXN17640966439521,2025-11-26T00:20:43.952161,amit536@axl,3654,Hyderabad,GooglePay,0
TXN17640966439521,2025-11-26T00:20:43.952163,rahul578@oksbi,2403,Bangalore,GooglePay,0
TXN17640966439521,2025-11-26T00:20:43.952165,swapnil295@axl,4254,Hyderabad,Cred,0
TXN17640966439521,2025-11-26T00:20:43.952167,mehul610@paytm,3240,Bangalore,GooglePay,0
TXN17640966439521,2025-11-26T00:20:43.952169,amit521@paytm,2605,Pune,PayTm,0
TXN17640966439521,2025-11-26T00:20:43.952171,vikram291@oksbi,3145,Delhi,PayTm,0
TXN17640966439521,2025-11-26T00:20:43.952173,rohit973@ybl,57559,Delhi,GooglePay,1
TXN17640966439521,2025-11-26T00:20:43.952179,vikram279@axl,3475,Chennai,GooglePay,0
TXN17640966439521,2025-11-26T00:20:43.952181,swapnil477@oksbi,2962,Kolkata,Cred,0
TXN17640966439521,2025-11-26T00:20:43.952184,rahul145@oksbi,3053,Bangalore,Cred,0
TXN17640966439521,2025-11-26T00:20:43.952188,sneha872@okhdfc,1199,Kolkata,PayTm,0
TXN17640966439521,2025-11-26T00:20:43.952190,amit597@oksbi,4325,Pune,GooglePay,0
TXN17640966439521,2025-11-26T00:20:43.952193,vikram618@axl,1669,Pune,PhonePay,0
TXN17640966439521,2025-11-26T00:20:43.952195,mehul950@oksbi,4147,Bangalore,Cred,0
TXN17640966439521,2025-11-26T00:20:43.952196,rajesh205@okhdfc,4031,Delhi,Cred,0
TXN17640966439521,2025-11-26T00:20:43.952198,rohit995@paytm,1326,Mumbai,Cred,0
TXN17640966439522,2025-11-26T00:20:43.952200,meera642@ybl,4624,Hyderabad,GooglePay,0
TXN17640966439522,2025-11-26T00:20:43.952202,tommy470@oksbi,2045,Bangalore,Cred,0
TXN17640966439522,2025-11-26T00:20:43.952204,amit343@oksbi,4918,Hyderabad,Cred,0
TXN17640966439522,2025-11-26T00:20:43.952206,meera661@oksbi,3999,Delhi,PhonePay,0
TXN17640966439522,2025-11-26T00:20:43.952208,tommy322@ybl,2148,Hyderabad,PhonePay,0
TXN17640966439522,2025-11-26T00:20:43.952210,swapnil221@ybl,2496,Delhi,PayTm,0
TXN17640966439522,2025-11-26T00:20:43.952211,mehul986@axl,4189,Pune,PayTm,0
TXN17640966439522,2025-11-26T00:20:43.952213,swapnil200@axl,1243,Chennai,PhonePay,0
TXN17640966439522,2025-11-26T00:20:43.952216,mehul855@okhdfc,851,Delhi,PayTm,0
TXN17640966439522,2025-11-26T00:20:43.952218,meera869@oksbi,3842,Delhi,GooglePay,0
TXN17640966439522,2025-11-26T00:20:43.952220,rajesh210@axl,1472,Hyderabad,GooglePay,0
TXN17640966439522,2025-11-26T00:20:43.952222,swapnil274@paytm,842,Chennai,GooglePay,0
TXN17640966439522,2025-11-26T00:20:43.952224,rajesh133@axl,302,Pune,PayTm,0
TXN17640966439522,2025-11-26T00:20:43.952226,rajesh902@oksbi,3141,Delhi,Cred,0
TXN17640966439522,2025-11-26T00:20:43.952228,anita52@oksbi,934,Hyderabad,GooglePay,0
TXN17640966439522,2025-11-26T00:20:43.952231,mehul348@oksbi,4426,Mumbai,GooglePay,0
TXN17640966439522,2025-11-26T00:20:43.952233,anita395@okhdfc,2457,Mumbai,Cred,0
TXN17640966439522,2025-11-26T00:20:43.952234,rajesh374@paytm,4054,Pune,PhonePay,0
TXN17640966439522,2025-11-26T00:20:43.952236,amit168@paytm,2325,Pune,PayTm,0
TXN17640966439522,2025-11-26T00:20:43.952238,meera224@okhdfc,807,Hyderabad,Cred,0
TXN17640966439522,2025-11-26T00:20:43.952240,mehul472@paytm,4068,Chennai,GooglePay,0
TXN17640966439522,2025-11-26T00:20:43.952242,anita937@ybl,2926,Mumbai,PhonePay,0
TXN17640966439522,2025-11-26T00:20:43.952244,swapnil446@axl,109,Hyderabad,PhonePay,0
TXN17640966439522,2025-11-26T00:20:43.952247,meera839@oksbi,3527,Kolkata,PhonePay,0
TXN17640966439522,2025-11-26T00:20:43.952249,rajesh152@okhdfc,939,Kolkata,Cred,0
TXN17640966439522,2025-11-26T00:20:43.952250,vikram151@ybl,1592,Mumbai,Cred,0
TXN17640966439522,2025-11-26T00:20:43.952252,rajesh188@ybl,1353,Chennai,PhonePay,0
TXN17640966439522,2025-11-26T00:20:43.952255,vikram270@oksbi,2868,Kolkata,PhonePay,0
TXN17640966439522,2025-11-26T00:20:43.952257,rohit778@oksbi,922,Chennai,GooglePay,0
TXN17640966439522,2025-11-26T00:20:43.952259,meera980@okhdfc,2774,Mumbai,Cred,0
TXN17640966439522,2025-11-26T00:20:43.952261,tommy312@ybl,902,Chennai,Cred,0
TXN17640966439522,2025-11-26T00:20:43.952262,rohit225@ybl,838,Hyderabad,GooglePay,0
TXN17640966439522,2025-11-26T00:20:43.952264,swapnil642@paytm,1573,Pune,PhonePay,0
TXN17640966439522,2025-11-26T00:20:43.952267,tommy951@paytm,4177,Hyderabad,Cred,0
TXN17640966439522,2025-11-26T00:20:43.952269,rajesh553@axl,1784,Bangalore,Cred,0
TXN17640966439522,2025-11-26T00:20:43.952271,amit275@okhdfc,4249,Pune,GooglePay,0
TXN17640966439522,2025-11-26T00:20:43.952273,rohit230@axl,4496,Hyderabad,PayTm,0
TXN17640966439522,2025-11-26T00:20:43.952275,sneha889@paytm,1901,Hyderabad,PhonePay,0
TXN17640966439522,2025-11-26T00:20:43.952277,anita623@ybl,50,Mumbai,PayTm,0
TXN17640966439522,2025-11-26T00:20:43.952279,swapnil723@axl,2925,Mumbai,PayTm,0
TXN17640966439522,2025-11-26T00:20:43.952281,meera745@ybl,4959,Delhi,GooglePay,0
TXN17640966439522,2025-11-26T00:20:43.952283,rohit414@oksbi,730,Kolkata,Cred,0
TXN17640966439522,2025-11-26T00:20:43.952285,swapnil335@axl,333,Chennai,PhonePay,0
TXN17640966439522,2025-11-26T00:20:43.952287,rajesh973@okhdfc,2521,Kolkata,PayTm,0
TXN17640966439522,2025-11-26T00:20:43.952289,mehul398@okhdfc,933,Delhi,Cred,0
TXN17640966439522,2025-11-26T00:20:43.952290,sneha509@ybl,12840,Hyderabad,Cred,1
TXN17640966439522,2025-11-26T00:20:43.952292,vikram758@paytm,3563,Hyderabad,Cred,0
TXN17640966439522,2025-11-26T00:20:43.952295,mehul953@axl,1891,Kolkata,GooglePay,0
TXN17640966439522,2025-11-26T00:20:43.952298,rajesh884@oksbi,183,Bangalore,Cred,0
TXN17640966439523,2025-11-26T00:20:43.952300,sneha78@okhdfc,4384,Bangalore,Cred,0
TXN17640966439523,2025-11-26T00:20:43.952302,rohit41@ybl,4513,Chennai,Cred,0
TXN17640966439523,2025-11-26T00:20:43.952304,rajesh165@paytm,3334,Kolkata,PayTm,0
TXN17640966439523,2025-11-26T00:20:43.952306,meera726@okhdfc,828,Chennai,GooglePay,0
TXN17640966439523,2025-11-26T00:20:43.952308,vikram354@okhdfc,2851,Chennai,Cred,0
TXN17640966439523,2025-11-26T00:20:43.952310,sneha196@ybl,4872,Pune,PayTm,0
TXN17640966439523,2025-11-26T00:20:43.952312,rohit802@okhdfc,3505,Pune,GooglePay,0
TXN17640966439523,2025-11-26T00:20:43.952314,sneha567@okhdfc,96861,Mumbai,PhonePay,1
TXN17640966439523,2025-11-26T00:20:43.952316,vikram348@ybl,2990,Kolkata,GooglePay,0
TXN17640966439523,2025-11-26T00:20:43.952318,swapnil108@paytm,1034,Chennai,GooglePay,0
TXN17640966439523,2025-11-26T00:20:43.952320,rajesh721@paytm,2118,Kolkata,PhonePay,0
TXN17640966439523,2025-11-26T00:20:43.952322,sneha612@okhdfc,4570,Mumbai,PayTm,0
TXN17640966439523,2025-11-26T00:20:43.952324,vikram181@oksbi,84878,Pune,PhonePay,1
TXN17640966439523,2025-11-26T00:20:43.952326,mehul441@ybl,1960,Mumbai,GooglePay,0
TXN17640966439523,2025-11-26T00:20:43.952328,amit29@ybl,1635,Bangalore,Cred,0
TXN17640966439523,2025-11-26T00:20:43.952330,anita233@ybl,3835,Chennai,Cred,0
TXN17640966439523,2025-11-26T00:20:43.952332,rohit200@okhdfc,4320,Mumbai,PhonePay,0
TXN17640966439523,2025-11-26T00:20:43.952335,mehul306@oksbi,1154,Mumbai,PhonePay,0
TXN17640966439523,2025-11-26T00:20:43.952336,mehul709@oksbi,960,Delhi,GooglePay,0
TXN17640966439523,2025-11-26T00:20:43.952338,rajesh275@paytm,1706,Pune,GooglePay,0
TXN17640966439523,2025-11-26T00:20:43.952340,sneha835@ybl,1332,Pune,PhonePay,0
TXN17640966439523,2025-11-26T00:20:43.952342,mehul582@okhdfc,3555,Delhi,Cred,0
TXN17640966439523,2025-11-26T00:20:43.952344,sneha750@oksbi,760,Chennai,PayTm,0
TXN17640966439523,2025-11-26T00:20:43.952346,rajesh888@axl,86818,Mewat,PayTm,1
TXN17640966439523,2025-11-26T00:20:43.952348,swapnil426@paytm,4763,Kolkata,Cred,0
TXN17640966439523,2025-11-26T00:20:43.952350,mehul232@axl,4250,Bangalore,Cred,0
TXN17640966439523,2025-11-26T00:20:43.952352,sneha774@paytm,1626,Hyderabad,PayTm,0
TXN17640966439523,2025-11-26T00:20:43.952354,tommy211@oksbi,1380,Kolkata,PhonePay,0
TXN17640966439523,2025-11-26T00:20:43.952356,anita173@okhdfc,1280,Kolkata,GooglePay,0
TXN17640966439523,2025-11-26T00:20:43.952358,anita383@oksbi,343,Hyderabad,PhonePay,0
TXN17640966439523,2025-11-26T00:20:43.952361,rahul921@oksbi,2068,Chennai,PhonePay,0
TXN17640966439523,2025-11-26T00:20:43.952363,rajesh865@ybl,811,Chennai,PayTm,0
TXN17640966439523,2025-11-26T00:20:43.952365,rohit739@oksbi,24878,Bharatpur,PayTm,1
TXN17640966439523,2025-11-26T00:20:43.952367,rajesh904@oksbi,2887,Bangalore,Cred,0
TXN17640966439523,2025-11-26T00:20:43.952369,vikram191@oksbi,298,Hyderabad,Cred,0
TXN17640966439523,2025-11-26T00:20:43.952371,vikram990@paytm,652,Delhi,Cred,0
TXN17640966439523,2025-11-26T00:20:43.952373,swapnil34@ybl,4432,Pune,GooglePay,0
TXN17640966439523,2025-11-26T00:20:43.952376,anita722@okhdfc,1290,Kolkata,Cred,0
TXN17640966439523,2025-11-26T00:20:43.952378,meera368@oksbi,3483,Mumbai,Cred,0
TXN17640966439523,2025-11-26T00:20:43.952380,vikram427@ybl,2205,Pune,PayTm,0
TXN17640966439523,2025-11-26T00:20:43.952382,sneha474@ybl,2452,Mumbai,GooglePay,0
TXN17640966439523,2025-11-26T00:20:43.952383,sneha129@okhdfc,103,Kolkata,PhonePay,0
TXN17640966439523,2025-11-26T00:20:43.952385,meera185@paytm,2264,Mumbai,PhonePay,0
TXN17640966439523,2025-11-26T00:20:43.952387,tommy898@ybl,1178,Chennai,PhonePay,0
TXN17640966439523,2025-11-26T00:20:43.952389,amit539@paytm,3624,Mumbai,PayTm,0
TXN17640966439523,2025-11-26T00:20:43.952391,meera646@okhdfc,181,Hyderabad,PhonePay,0
TXN17640966439523,2025-11-26T00:20:43.952393,sneha948@axl,2255,Mumbai,GooglePay,0
TXN17640966439523,2025-11-26T00:20:43.952395,anita302@ybl,2062,Mumbai,Cred,0
TXN17640966439523,2025-11-26T00:20:43.952397,meera890@okhdfc,1403,Kolkata,Cred,0
TXN17640966439523,2025-11-26T00:20:43.952399,rahul974@paytm,1165,Kolkata,PhonePay,0
TXN17640966439524,2025-11-26T00:20:43.952401,swapnil223@axl,658,Kolkata,PayTm,0
TXN17640966439524,2025-11-26T00:20:43.952403,sneha156@okhdfc,77179,Kolkata,PhonePay,1
TXN17640966439524,2025-11-26T00:20:43.952405,amit260@oksbi,2902,Kolkata,PayTm,0
TXN17640966439524,2025-11-26T00:20:43.952407,tommy494@okhdfc,2829,Delhi,PhonePay,0
TXN17640966439524,2025-11-26T00:20:43.952409,rohit626@axl,4437,Pune,PhonePay,0
TXN17640966439524,2025-11-26T00:20:43.952410,rohit966@ybl,1316,Pune,PayTm,0
TXN17640966439524,2025-11-26T00:20:43.952413,meera322@okhdfc,3585,Bangalore,Cred,0
TXN17640966439524,2025-11-26T00:20:43.952415,sneha951@okhdfc,1206,Chennai,PhonePay,0
TXN17640966439524,2025-11-26T00:20:43.952417,anita866@okhdfc,4674,Chennai,PhonePay,0
TXN17640966439524,2025-11-26T00:20:43.952419,swapnil496@paytm,4663,Bangalore,Cred,0
TXN17640966439524,2025-11-26T00:20:43.952421,amit426@okhdfc,4537,Bangalore,Cred,0
TXN17640966439524,2025-11-26T00:20:43.952422,rahul515@axl,2915,Bangalore,PhonePay,0
TXN17640966439524,2025-11-26T00:20:43.952424,amit411@oksbi,3590,Kolkata,Cred,0
TXN17640966439524,2025-11-26T00:20:43.952426,rajesh835@oksbi,4441,Kolkata,PhonePay,0
TXN17640966439524,2025-11-26T00:20:43.952428,rajesh645@okhdfc,4797,Hyderabad,GooglePay,0
TXN17640966439524,2025-11-26T00:20:43.952430,tommy789@oksbi,2208,Chennai,Cred,0
TXN17640966439524,2025-11-26T00:20:43.952432,meera713@ybl,2153,Delhi,Cred,0
TXN17640966439524,2025-11-26T00:20:43.952434,swapnil439@axl,3948,Pune,PhonePay,0
TXN17640966439524,2025-11-26T00:20:43.952436,anita714@oksbi,4906,Bangalore,PayTm,0
TXN17640966439524,2025-11-26T00:20:43.952437,mehul133@oksbi,3985,Mumbai,PayTm,0
TXN17640966439524,2025-11-26T00:20:43.952439,amit703@paytm,3933,Kolkata,Cred,0
TXN17640966439524,2025-11-26T00:20:43.952441,anita897@okhdfc,712,Pune,PhonePay,0
TXN17640966439524,2025-11-26T00:20:43.952444,rahul361@oksbi,670,Mumbai,PayTm,0
TXN17640966439524,2025-11-26T00:20:43.952446,rajesh787@ybl,813,Chennai,PhonePay,0
TXN17640966439524,2025-11-26T00:20:43.952448,anita292@ybl,3004,Kolkata,GooglePay,0
TXN17640966439524,2025-11-26T00:20:43.952450,rajesh122@ybl,1391,Mumbai,PayTm,0
TXN17640966439524,2025-11-26T00:20:43.952452,tommy720@ybl,3889,Pune,PhonePay,0
TXN17640966439524,2025-11-26T00:20:43.952454,amit302@okhdfc,2735,Hyderabad,GooglePay,0
TXN17640966439524,2025-11-26T00:20:43.952456,rohit496@axl,3746,Hyderabad,PhonePay,0
TXN17640966439524,2025-11-26T00:20:43.952458,swapnil86@okhdfc,3338,Chennai,PayTm,0
TXN17640966439524,2025-11-26T00:20:43.952460,anita691@oksbi,3010,Kolkata,PayTm,0
TXN17640966439524,2025-11-26T00:20:43.952462,rohit508@ybl,2223,Mumbai,Cred,0
TXN17640966439524,2025-11-26T00:20:43.952464,rahul362@paytm,3650,Bangalore,GooglePay,0
TXN17640966439524,2025-11-26T00:20:43.952465,rahul804@ybl,1176,Kolkata,GooglePay,0
TXN17640966439524,2025-11-26T00:20:43.952467,rahul564@paytm,64904,Hyderabad,Cred,1
TXN17640966439524,2025-11-26T00:20:43.952469,tommy307@ybl,3883,Delhi,GooglePay,0
TXN17640966439524,2025-11-26T00:20:43.952471,swapnil425@okhdfc,442,Delhi,PhonePay,0
TXN17640966439524,2025-11-26T00:20:43.952474,vikram518@axl,4114,Kolkata,PayTm,0
TXN17640966439524,2025-11-26T00:20:43.952476,amit767@paytm,2100,Delhi,Cred,0
TXN17640966439524,2025-11-26T00:20:43.952478,rajesh661@axl,4503,Mumbai,Cred,0
TXN17640966439524,2025-11-26T00:20:43.952480,amit441@ybl,949,Mumbai,GooglePay,0
TXN17640966439524,2025-11-26T00:20:43.952482,vikram114@paytm,3742,Kolkata,Cred,0
TXN17640966439524,2025-11-26T00:20:43.952484,rohit169@axl,2514,Hyderabad,PhonePay,0
TXN17640966439524,2025-11-26T00:20:43.952486,swapnil604@axl,3669,Hyderabad,GooglePay,0
TXN17640966439524,2025-11-26T00:20:43.952488,rahul596@ybl,4278,Chennai,PayTm,0
TXN17640966439524,2025-11-26T00:20:43.952491,swapnil725@axl,4470,Delhi,PhonePay,0
TXN17640966439524,2025-11-26T00:20:43.952493,amit376@paytm,4253,Pune,GooglePay,0
TXN17640966439524,2025-11-26T00:20:43.952495,rahul918@oksbi,665,Delhi,PhonePay,0
TXN17640966439524,2025-11-26T00:20:43.952497,mehul677@okhdfc,614,Bangalore,PayTm,0
TXN17640966439524,2025-11-26T00:20:43.952498,tommy499@axl,1616,Chennai,PhonePay,0
TXN17640966439525,2025-11-26T00:20:43.952500,rohit330@oksbi,230,Chennai,Cred,0
TXN17640966439525,2025-11-26T00:20:43.952502,vikram726@ybl,2259,Pune,PhonePay,0
TXN17640966439525,2025-11-26T00:20:43.952504,rahul276@paytm,21473,Mewat,PhonePay,1
TXN17640966439525,2025-11-26T00:20:43.952506,tommy378@okhdfc,159,Pune,PayTm,0
TXN17640966439525,2025-11-26T00:20:43.952508,swapnil81@paytm,4288,Pune,Cred,0
TXN17640966439525,2025-11-26T00:20:43.952510,rahul853@paytm,4622,Bangalore,PayTm,0
TXN17640966439525,2025-11-26T00:20:43.952512,vikram457@okhdfc,4241,Kolkata,PayTm,0
TXN17640966439525,2025-11-26T00:20:43.952514,vikram599@ybl,1528,Hyderabad,Cred,0
TXN17640966439525,2025-11-26T00:20:43.952516,vikram265@ybl,133,Pune,Cred,0
TXN17640966439525,2025-11-26T00:20:43.952518,rajesh347@paytm,2409,Bangalore,Cred,0
TXN17640966439525,2025-11-26T00:20:43.952520,amit443@ybl,4814,Bangalore,PhonePay,0
TXN17640966439525,2025-11-26T00:20:43.952521,vikram955@axl,2318,Bangalore,PayTm,0
TXN17640966439525,2025-11-26T00:20:43.952523,sneha151@ybl,2685,Kolkata,Cred,0
TXN17640966439525,2025-11-26T00:20:43.952525,sneha431@paytm,1930,Hyderabad,PayTm,0
TXN17640966439525,2025-11-26T00:20:43.952527,swapnil779@axl,340,Pune,GooglePay,0
TXN17640966439525,2025-11-26T00:20:43.952531,swapnil583@okhdfc,536,Pune,PhonePay,0
TXN17640966439525,2025-11-26T00:20:43.952533,amit51@ybl,1902,Delhi,PayTm,0
TXN17640966439525,2025-11-26T00:20:43.952534,vikram821@axl,2771,Kolkata,PhonePay,0
TXN17640966439525,2025-11-26T00:20:43.952536,meera896@paytm,4201,Mumbai,PayTm,0
TXN17640966439525,2025-11-26T00:20:43.952538,rahul353@oksbi,3383,Chennai,Cred,0
TXN17640966439525,2025-11-26T00:20:43.952540,rajesh184@paytm,641,Delhi,PayTm,0
TXN17640966439525,2025-11-26T00:20:43.952542,sneha154@axl,3123,Hyderabad,Cred,0
TXN17640966439525,2025-11-26T00:20:43.952544,rohit870@paytm,4216,Chennai,GooglePay,0
TXN17640966439525,2025-11-26T00:20:43.952546,sneha579@okhdfc,1981,Bangalore,PhonePay,0
TXN17640966439525,2025-11-26T00:20:43.952548,anita390@axl,3208,Chennai,PhonePay,0
TXN17640966439525,2025-11-26T00:20:43.952550,anita672@ybl,1193,Kolkata,PhonePay,0
TXN17640966439525,2025-11-26T00:20:43.952552,mehul65@oksbi,43606,Hyderabad,Cred,1
TXN17640966439525,2025-11-26T00:20:43.952554,rahul26@paytm,2035,Bangalore,PayTm,0
TXN17640966439525,2025-11-26T00:20:43.952555,amit234@axl,3457,Chennai,Cred,0
TXN17640966439525,2025-11-26T00:20:43.952557,tommy64@axl,4135,Hyderabad,PhonePay,0
TXN17640966439525,2025-11-26T00:20:43.952559,rohit673@axl,930,Chennai,Cred,0
TXN17640966439525,2025-11-26T00:20:43.952562,vikram349@paytm,1712,Delhi,Cred,0
TXN17640966439525,2025-11-26T00:20:43.952564,tommy954@okhdfc,941,Pune,GooglePay,0
TXN17640966439525,2025-11-26T00:20:43.952566,vikram159@oksbi,4067,Bangalore,GooglePay,0
TXN17640966439525,2025-11-26T00:20:43.952568,swapnil781@oksbi,1934,Mumbai,PhonePay,0
TXN17640966439525,2025-11-26T00:20:43.952570,anita58@paytm,919,Kolkata,PayTm,0
TXN17640966439525,2025-11-26T00:20:43.952573,anita695@axl,3482,Delhi,PhonePay,0
TXN17640966439525,2025-11-26T00:20:43.952575,meera307@paytm,1111,Bangalore,PhonePay,0
TXN17640966439525,2025-11-26T00:20:43.952577,vikram363@paytm,2541,Chennai,PayTm,0
TXN17640966439525,2025-11-26T00:20:43.952579,rahul648@axl,620,Hyderabad,Cred,0
TXN17640966439525,2025-11-26T00:20:43.952581,amit122@axl,4975,Mumbai,GooglePay,0
TXN17640966439525,2025-11-26T00:20:43.952583,sneha579@oksbi,2401,Bangalore,Cred,0
TXN17640966439525,2025-11-26T00:20:43.952585,amit861@oksbi,75765,Delhi,GooglePay,1
TXN17640966439525,2025-11-26T00:20:43.952586,sneha725@paytm,1407,Mumbai,GooglePay,0
TXN17640966439525,2025-11-26T00:20:43.952588,rajesh562@ybl,2260,Mumbai,PayTm,0
TXN17640966439525,2025-11-26T00:20:43.952590,meera610@axl,468,Delhi,PhonePay,0
TXN17640966439525,2025-11-26T00:20:43.952592,rahul675@ybl,1619,Mumbai,PhonePay,0
TXN17640966439525,2025-11-26T00:20:43.952594,rahul716@okhdfc,2760,Pune,Cred,0
TXN17640966439525,2025-11-26T00:20:43.952596,mehul159@axl,969,Bangalore,PayTm,0
TXN17640966439525,2025-11-26T00:20:43.952598,mehul364@paytm,3765,Delhi,PhonePay,0
TXN17640966439525,2025-11-26T00:20:43.952600,vikram142@ybl,2067,Kolkata,Cred,0
TXN17640966439526,2025-11-26T00:20:43.952601,meera581@okhdfc,69272,Jamtara,Cred,1
TXN17640966439526,2025-11-26T00:20:43.952603,rajesh723@okhdfc,41,Chennai,PayTm,0
TXN17640966439526,2025-11-26T00:20:43.952605,tommy256@ybl,2114,Bangalore,GooglePay,0
TXN17640966439526,2025-11-26T00:20:43.952608,anita226@oksbi,3355,Chennai,GooglePay,0
TXN17640966439526,2025-11-26T00:20:43.952610,rajesh644@oksbi,4165,Bangalore,PhonePay,0
TXN17640966439526,2025-11-26T00:20:43.952612,vikram946@paytm,3980,Delhi,GooglePay,0
TXN17640966439526,2025-11-26T00:20:43.952614,rohit290@okhdfc,3029,Bangalore,PayTm,0
TXN17640966439526,2025-11-26T00:20:43.952616,rohit691@ybl,2308,Pune,PayTm,0
TXN17640966439526,2025-11-26T00:20:43.952618,meera573@oksbi,3050,Bangalore,PhonePay,0
TXN17640966439526,2025-11-26T00:20:43.952620,vikram159@axl,1315,Bangalore,Cred,0
TXN17640966439526,2025-11-26T00:20:43.952622,meera730@axl,499,Mumbai,PhonePay,0
TXN17640966439526,2025-11-26T00:20:43.952624,rajesh936@ybl,2889,Hyderabad,PayTm,0
TXN17640966439526,2025-11-26T00:20:43.952626,rajesh667@axl,4101,Delhi,PhonePay,0
TXN17640966439526,2025-11-26T00:20:43.952628,anita477@axl,2914,Chennai,PayTm,0
TXN17640966439526,2025-11-26T00:20:43.952630,tommy338@axl,447,Delhi,PayTm,0
TXN17640966439526,2025-11-26T00:20:43.952631,vikram315@paytm,1230,Mumbai,PhonePay,0
TXN17640966439526,2025-11-26T00:20:43.952633,rohit508@paytm,4856,Mumbai,PayTm,0
TXN17640966439526,2025-11-26T00:20:43.952635,anita745@ybl,3728,Bangalore,PhonePay,0
TXN17640966439526,2025-11-26T00:20:43.952638,vikram155@axl,87,Delhi,PhonePay,0
TXN17640966439526,2025-11-26T00:20:43.952639,tommy101@axl,1392,Bangalore,Cred,0
TXN17640966439526,2025-11-26T00:20:43.952641,sneha685@ybl,4597,Bangalore,PhonePay,0
TXN17640966439526,2025-11-26T00:20:43.952643,meera826@oksbi,2024,Pune,GooglePay,0
TXN17640966439526,2025-11-26T00:20:43.952646,vikram233@paytm,2940,Hyderabad,Cred,0
TXN17640966439526,2025-11-26T00:20:43.952648,tommy45@paytm,4373,Chennai,PayTm,0
TXN17640966439526,2025-11-26T00:20:43.952650,rohit13@paytm,52796,Mumbai,PayTm,1
TXN17640966439526,2025-11-26T00:20:43.952652,swapnil228@paytm,1275,Hyderabad,Cred,0
TXN17640966439526,2025-11-26T00:20:43.952653,rajesh348@paytm,4693,Delhi,GooglePay,0
TXN17640966439526,2025-11-26T00:20:43.952656,rohit296@axl,4234,Chennai,Cred,0
TXN17640966439526,2025-11-26T00:20:43.952658,mehul140@okhdfc,1942,Bangalore,Cred,0
TXN17640966439526,2025-11-26T00:20:43.952660,meera653@oksbi,5000,Pune,PayTm,0
TXN17640966439526,2025-11-26T00:20:43.952662,amit91@axl,139,Mumbai,PhonePay,0
TXN17640966439526,2025-11-26T00:20:43.952664,rahul482@ybl,1145,Mumbai,PhonePay,0
TXN17640966439526,2025-11-26T00:20:43.952666,rajesh947@oksbi,372,Kolkata,GooglePay,0
TXN17640966439526,2025-11-26T00:20:43.952668,tommy455@ybl,393,Hyderabad,PhonePay,0
TXN17640966439526,2025-11-26T00:20:43.952670,anita752@okhdfc,2927,Hyderabad,GooglePay,0
TXN17640966439526,2025-11-26T00:20:43.952671,mehul269@paytm,4944,Pune,GooglePay,0
TXN17640966439526,2025-11-26T00:20:43.952673,vikram887@axl,470,Chennai,Cred,0
TXN17640966439526,2025-11-26T00:20:43.952676,sneha327@axl,594,Bangalore,Cred,0
TXN17640966439526,2025-11-26T00:20:43.952678,swapnil921@okhdfc,1972,Pune,Cred,0
TXN17640966439526,2025-11-26T00:20:43.952680,amit929@oksbi,295,Kolkata,PhonePay,0
TXN17640966439526,2025-11-26T00:20:43.952681,tommy728@axl,3128,Mumbai,PayTm,0
TXN17640966439526,2025-11-26T00:20:43.952683,rohit380@axl,2535,Hyderabad,PhonePay,0
TXN17640966439526,2025-11-26T00:20:43.952686,meera964@oksbi,2356,Chennai,PhonePay,0
TXN17640966439526,2025-11-26T00:20:43.952688,tommy981@ybl,3207,Bangalore,Cred,0
TXN17640966439526,2025-11-26T00:20:43.952690,rahul152@oksbi,3493,Mumbai,PhonePay,0
TXN17640966439526,2025-11-26T00:20:43.952692,vikram741@ybl,2982,Bangalore,Cred,0
TXN17640966439526,2025-11-26T00:20:43.952694,sneha390@okhdfc,3135,Mumbai,PhonePay,0
TXN17640966439526,2025-11-26T00:20:43.952696,mehul532@ybl,2589,Hyderabad,PhonePay,0
TXN17640966439526,2025-11-26T00:20:43.952698,swapnil767@axl,1117,Mumbai,GooglePay,0
TXN17640966439527,2025-11-26T00:20:43.952701,amit8@oksbi,4591,Pune,Cred,0
TXN17640966439527,2025-11-26T00:20:43.952703,tommy606@okhdfc,2472,Kolkata,GooglePay,0
TXN17640966439527,2025-11-26T00:20:43.952705,meera114@oksbi,98383,Delhi,GooglePay,1
TXN17640966439527,2025-11-26T00:20:43.952707,vikram183@axl,3886,Pune,PhonePay,0
TXN17640966439527,2025-11-26T00:20:43.952709,vikram272@ybl,3869,Mumbai,PayTm,0
TXN17640966439527,2025-11-26T00:20:43.952711,amit319@oksbi,3691,Bangalore,PhonePay,0
TXN17640966439527,2025-11-26T00:20:43.952713,rahul670@okhdfc,2785,Pune,Cred,0
TXN17640966439527,2025-11-26T00:20:43.952715,tommy440@okhdfc,3092,Hyderabad,Cred,0
TXN17640966439527,2025-11-26T00:20:43.952717,sneha34@oksbi,2687,Kolkata,PhonePay,0
TXN17640966439527,2025-11-26T00:20:43.952718,amit354@paytm,1622,Mumbai,PhonePay,0
TXN17640966439527,2025-11-26T00:20:43.952720,swapnil359@okhdfc,1777,Delhi,PayTm,0
TXN17640966439527,2025-11-26T00:20:43.952722,swapnil540@ybl,4146,Delhi,PhonePay,0
TXN17640966439527,2025-11-26T00:20:43.952725,rajesh761@ybl,2730,Bangalore,PayTm,0
TXN17640966439527,2025-11-26T00:20:43.952727,swapnil153@axl,579,Chennai,GooglePay,0
TXN17640966439527,2025-11-26T00:20:43.952729,meera468@ybl,4500,Hyderabad,GooglePay,0
TXN17640966439527,2025-11-26T00:20:43.952730,anita254@axl,1927,Pune,PhonePay,0
TXN17640966439527,2025-11-26T00:20:43.952732,meera571@oksbi,4241,Kolkata,Cred,0
TXN17640966439527,2025-11-26T00:20:43.952735,anita126@paytm,4560,Delhi,GooglePay,0
TXN17640966439527,2025-11-26T00:20:43.952737,rahul878@oksbi,4476,Chennai,PhonePay,0
TXN17640966439527,2025-11-26T00:20:43.952739,rahul752@ybl,3453,Mumbai,PhonePay,0
TXN17640966439527,2025-11-26T00:20:43.952741,rohit608@oksbi,2708,Pune,PayTm,0
TXN17640966439527,2025-11-26T00:20:43.952743,rajesh599@axl,1540,Bangalore,PayTm,0
TXN17640966439527,2025-11-26T00:20:43.952745,swapnil749@okhdfc,822,Bangalore,GooglePay,0
TXN17640966439527,2025-11-26T00:20:43.952747,tommy365@ybl,4414,Mumbai,GooglePay,0
TXN17640966439527,2025-11-26T00:20:43.952749,rahul155@paytm,1692,Hyderabad,PayTm,0
TXN17640966439527,2025-11-26T00:20:43.952751,tommy577@paytm,3120,Pune,GooglePay,0
TXN17640966439527,2025-11-26T00:20:43.952753,amit541@oksbi,2058,Delhi,PhonePay,0
TXN17640966439527,2025-11-26T00:20:43.952755,rahul944@ybl,1039,Chennai,Cred,0
TXN17640966439527,2025-11-26T00:20:43.952756,rohit206@paytm,4605,Hyderabad,GooglePay,0
TXN17640966439527,2025-11-26T00:20:43.952758,tommy231@okhdfc,3641,Chennai,PhonePay,0
TXN17640966439527,2025-11-26T00:20:43.952760,sneha356@oksbi,488,Bangalore,PayTm,0
TXN17640966439527,2025-11-26T00:20:43.952762,amit492@okhdfc,1717,Delhi,PayTm,0
TXN17640966439527,2025-11-26T00:20:43.952764,sneha901@okhdfc,27791,Bharatpur,GooglePay,1
TXN17640966439527,2025-11-26T00:20:43.952766,vikram478@ybl,776,Delhi,GooglePay,0
TXN17640966439527,2025-11-26T00:20:43.952768,anita221@paytm,4053,Kolkata,GooglePay,0
TXN17640966439527,2025-11-26T00:20:43.952770,swapnil151@axl,1605,Pune,PhonePay,0
TXN17640966439527,2025-11-26T00:20:43.952772,amit396@axl,2165,Delhi,GooglePay,0
TXN17640966439527,2025-11-26T00:20:43.952774,amit714@ybl,4101,Bangalore,GooglePay,0
TXN17640966439527,2025-11-26T00:20:43.952775,amit479@ybl,2470,Bangalore,Cred,0
TXN17640966439527,2025-11-26T00:20:43.952778,rohit680@oksbi,163,Delhi,PhonePay,0
TXN17640966439527,2025-11-26T00:20:43.952780,rahul83@oksbi,2050,Bangalore,PayTm,0
TXN17640966439527,2025-11-26T00:20:43.952782,tommy669@paytm,872,Kolkata,PhonePay,0
TXN17640966439527,2025-11-26T00:20:43.952784,meera696@okhdfc,1065,Chennai,GooglePay,0
TXN17640966439527,2025-11-26T00:20:43.952786,amit239@axl,4272,Chennai,PhonePay,0
